nome,imagem1,imagem2,imagem3,imagem4
abatacepte,https://americanas.vtexassets.com/arquivos/ids/1015323/7511641051_4_xlarge.jpg?v=638750902429770000,https://americanas.vtexassets.com/arquivos/ids/7534780/5924203844_4_xlarge.jpg?v=638751762188430000,https://imgv2-2-f.scribdassets.com/img/document/756667874/original/625b4ccf02/1?v=1,https://americanas.vtexassets.com/arquivos/ids/19001121/25752106_10_xlarge.jpg?v=638754912342200000
acetazolamida,https://quefarmacia.com/wp-content/uploads/2018/09/8400000026_5.jpg,https://www.belgochilena.cl/wp-content/uploads/2023/05/0000128.jpg,https://farmapalacio.com/wp-content/uploads/2024/08/ACETAZOLAMIDA-250-MG-CAJA-X-30-TABLETAS-PROCAPS.jpg,https://www.ecofarmacias.cl/wp-content/uploads/2023/11/acetazolamida-250.jpg
ácido nicotínico,https://i.pinimg.com/736x/33/a7/f1/33a7f1c4e9610d17beea02a6f3cd6f83.jpg,https://img.freepik.com/vetores-premium/modelo-de-embalagem-de-design-de-caixa-para-design-de-caixa-de-medicamento-de-produto_780351-367.jpg,https://image.freepik.com/vetores-gratis/embalagem-de-caixa-de-medicamento-com-comprimidos-e-capsulas_25030-37885.jpg,https://img.freepik.com/fotos-premium/modelo-de-embalagem-de-caixa-de-medicamentos-em-branco-em-superficie-branca_800847-2264.jpg
ácido ursodesoxicólico,https://d1jgmae0hcnr1i.cloudfront.net/Custom/Content/Products/26/87/268793_acido-ursodesoxicolico-300mg-c-30comprimidos-p149624_m1_638826393625670309.webp,https://mercadofarma.com.mx/cdn/shop/files/D_859681-MLM86302630274_062025-B.jpg?v=1751914268&width=1445,https://www.doctor-online.com.ar/wp-content/uploads/que-es-y-para-que-sirve-el-acido-ursodesoxicolico.webp,https://ecofarma.co/wp-content/uploads/2025/03/Ursacol-Acido-Ursodesoxicolico-300-Mg-X-20-Tabl_1.jpg
ácido zoledrônico,https://www.farmaciascurie.cl/cdn/shop/files/acidozoledronico.jpg?v=1720923245&width=600,https://cdn.eurofarma.com.br/wp-content/uploads/2016/09/acido-zoledronico.png,https://www.vitalislaboratorio.com/wp-content/uploads/2020/08/ACIDOZOLEDRONICO4MG-5ML-CAJA-VIAL.jpg,https://contenido.medicamentos.bo/medicamento/imagen/38081.jpg
acitretina,https://productinfo.cantabrialabs.com/wp-content/uploads/2020/03/11169-ACITRETINA-IFC-10MG-30CAPS-600x600.jpg,https://productinfo.cantabrialabs.com/wp-content/uploads/2020/03/11169-ACITRETINA-IFC-10MG-30CAPS.jpg,https://www.ecured.cu/images/1/15/Foto_de_Acitretina.JPG,https://www.inovafarma.com.br/blog/wp-content/uploads/2021/04/medicamento-tarja-vermelha.jpg
adalimumabe,https://goias.gov.br/saude/wp-content/uploads/sites/34/2024/08/23.08-Adalimumabe.jpeg,https://www.mundoboaforma.com.br/wp-content/uploads/2023/05/adalimumabe.webp,https://butantan.gov.br/assets/banner-image/thumb-mab2+(1)-f5545b05cebeaef4.jpg,https://nudii.com.br/wp-content/uploads/2024/09/adalimumabe530x325px-copiar.webp
alfadornase,https://farmaceuticodigital.com/wp-content/uploads/2020/11/Caixa-medicamento.png,https://www.inovafarma.com.br/blog/wp-content/uploads/2021/04/medicamento-tarja-vermelha.jpg,https://img.freepik.com/fotos-premium/modelo-de-embalagem-de-caixa-de-medicamentos-em-branco-em-superficie-branca_800847-2264.jpg?w=1380,https://img.freepik.com/vetores-premium/design-de-modelo-de-corte-e-embalagem-de-caixa-modelo-de-design-de-caixa-de-medicamento-para-xarope-de-colirio-de-medicamento_780351-414.jpg?w=900
alfaepoetina,https://images.tcdn.com.br/img/img_prod/707730/alfaepoetina_blau_40_000ui_ml_caixa_com_1_seringa_preenchida_com_1ml_de_solucao_de_uso_intravenoso_o_2065_1_6f538da3187d7167e3085441a2032876.png,https://images.tcdn.com.br/img/img_prod/1353418/alfaepoetina_4000_ui_sol_inj_fa_1_ml_60445_1_f69a07f5a1e632bc090fae6cd7124573.png,https://images.tcdn.com.br/img/img_prod/666884/180_alfaepoetina_4_000ui_caixa_com_1_frasco_ampola_com_1ml_de_solucao_de_uso_intravenoso_ou_subcutaneo_171_1_fd84a10b8c005cef36e47824f9f56e5f.jpg,https://img.irroba.com.br/filters:fill(transparent):quality(80)/sampharm/catalog/cx-nova.png
alfagalsidade,https://www.inovafarma.com.br/blog/wp-content/uploads/2021/04/medicamento-tarja-vermelha.jpg,https://farmaceuticodigital.com/wp-content/uploads/2020/11/Caixa-medicamento.png,https://img.freepik.com/vetores-premium/modelo-de-embalagem-de-design-de-caixa-para-design-de-caixa-de-medicamento-de-produto_780351-367.jpg?w=1380,https://img.freepik.com/vetores-premium/modelo-de-embalagem-para-colirio-de-medicamento-design-de-pacote-embalagem-de-caixa-design-de-modelo-recortado_780351-376.jpg
alfainterferona,https://drogariaspacheco.vteximg.com.br/arquivos/ids/1210096-1000-1000/847917-Alfainterferona-2b-10-Milhoes-UI-Ache-5-Unidades-Po-Solucao-Injetavel-Diluente_0000_Tarja-Vermelha---Pacheco--Inj.jpg?v=638416217696570000,https://farmaciasbatres.com/SERV_ADMIN_FILES/Archivos/Imagenes/Articulos_MED/30178--40428_MED.png,https://alfob.org.br/wp-content/uploads/elementor/thumbs/download-ou7vp7n6onyv1ms872xj02w451g9q5uu6lz8djt540.jpg,https://static.drogarianovaesperanca.com.br/banners/dne/5d4dda1c-7fda-4d80-bc9e-1723d7dc1cff.png
alfavestronidase,https://www.inovafarma.com.br/blog/wp-content/uploads/2021/04/medicamento-tarja-vermelha.jpg,https://farmaceuticodigital.com/wp-content/uploads/2020/11/Caixa-medicamento.png,https://img.freepik.com/vetores-premium/modelo-de-embalagem-de-design-de-caixa-para-design-de-caixa-de-medicamento-de-produto_780351-367.jpg?w=2000,https://img.freepik.com/vetores-premium/design-de-embalagem-design-de-caixa-modelo-de-embalagem-e-design-cortado-para-xarope-de-colirio-medicinal_780351-416.jpg?w=2000
amantadina,https://imagemasterspackaging.com/wp-content/uploads/2018/04/Embalagem_packaging_caixa_medicamentos_b-1300x1200.jpg,https://americanas.vtexassets.com/arquivos/ids/7534780/5924203844_4_xlarge.jpg?v=638751762188430000,https://img.freepik.com/vetores-premium/modelo-de-embalagem-de-design-de-embalagem-para-ilustracao-de-design-vetorial-de-produto-design-de-caixa-de-medicamento_780351-379.jpg?w=2000,https://img.freepik.com/fotos-premium/modelo-de-embalagem-de-caixa-de-medicamentos-em-branco-em-superficie-branca_800847-2257.jpg
ambrisentana,https://images.tcdn.com.br/img/img_prod/1164379/volibris_5mg_cx_c_30_comp_697_1_8dc3bcbe46508ee1bfb475b13fcebcf1.png,https://www.inovafarma.com.br/blog/wp-content/uploads/2021/04/medicamento-tarja-vermelha.jpg,https://farmaceuticodigital.com/wp-content/uploads/2020/11/Caixa-medicamento.png,https://images.tcdn.com.br/img/img_prod/707730/volibris_ambrisentana_5mg_caixa_com_30_comprimidos_1_20251215164702_e1d2a7a90d16.jpg
atorvastatina,"https://static.wixstatic.com/media/11062b_4b5b7c99a9c746dcadc737701c1e6e91~mv2.jpg/v1/fill/w_980,h_654,al_c,q_85,usm_0.66_1.00_0.01,enc_avif,quality_auto/11062b_4b5b7c99a9c746dcadc737701c1e6e91~mv2.jpg",https://rededor.vtexassets.com/arquivos/ids/744526/image-3328d13a97fd41c990bd8702e0b3165d.jpg?v=638676245837600000,https://carrefourbrfood.vtexassets.com/arquivos/ids/182611055/g-atorvastatina-40mg-30comp-ems-1.jpg?v=638726333586230000,"https://eurofarmacdn.com/storage/etc/Fx5DdduP9ro18odayayWhwk0xPmvZpynniVodKJb.png?w1000,h1000,q80,mSCALE,vV3.jpg"
azatioprina,https://biogenet.com.ec/wp-content/uploads/2022/03/Azatioprina_50_0001.png,https://www.novasalud.cl/media/catalog/product/cache/1a10d735dfa619d2686c17030920c9f1/4/0/4002667.jpg,https://lh3.googleusercontent.com/Un1_s2aWHX4Og9HtTdnvdk3qqjcdO1thVmuk_vm7YD4z2DyP0lLMMYV1yXbh6IO4qT0jRq1sz0IXmcq26CzQoJapTWBv_p54VAYm0MfLpqKmwk8r-w,https://lh3.googleusercontent.com/ASPtY_5uXYodpEHyeYt98W8AAHAp9P7MdjnZUp9nkyvNbvOqWdGCjL7EX1bUNuaIg0qv4KO9vjPNrdF0nyZNT-G-_rw65Ab_qodlKfO2w5CEzwn-
baricitinibe,https://imagemasterspackaging.com/wp-content/uploads/2018/04/Embalagem_packaging_caixa_medicamentos_b-1300x1200.jpg,https://americanas.vtexassets.com/arquivos/ids/7534780/5924203844_4_xlarge.jpg?v=638751762188430000,https://img.medicalexpo.com/pt/images_me/photo-m2/94701-20377385.jpg,https://www.jvmcplasticos.com.br/wp-content/uploads/2024/08/Caixa-para-medicamentos-20l.jpg
betainterferona,https://img.freepik.com/vetores-premium/design-de-embalagem-design-de-caixa-modelo-de-embalagem-e-design-cortado-para-xarope-de-colirio-medicinal_780351-416.jpg?w=2000,https://img.freepik.com/vetores-premium/frasco-de-medicamento-em-branco-embalagem-de-medicamentos-com-caixa-de-embalagem_134452-40.jpg,https://img.freepik.com/vetores-premium/modelo-de-embalagem-de-design-de-caixa-para-design-de-caixa-de-medicamento-de-produto_780351-367.jpg?w=2000,https://img.freepik.com/vetores-premium/design-de-modelo-de-corte-e-embalagem-de-caixa-modelo-de-design-de-caixa-de-medicamento-para-xarope-de-colirio-de-medicamento_780351-414.jpg?w=2000
biotina,https://copapharma.com.br/wp-content/uploads/elementor/thumbs/simula_biotina_60caps-q9wcc2bh7ifvaqfij7dtqnonq7xhtyll3hmg2ciglk.png,https://muwiz.com.br/wp-content/uploads/biotina-900x900.png,https://vivaquatrofolhas.com.br/cdn/shop/products/Ativo12_1445x.png?v=1693602205,https://images.tcdn.com.br/img/img_prod/1272683/biotina_60_capsulas_239_3_38456a5889f26d84d138a9acbc7f77a0.png
bosentana,https://aprazeram.com/images/tild3764-3836-4333-b236-643238386534__bosenzer125.png,https://drogariasp.vteximg.com.br/arquivos/ids/962787-1000-1000/genericos-tarja-vermelha-em-comprimido-sao-paulo.jpg?v=638298019089100000,"https://precopopular.vtexassets.com/arquivos/ids/234955/751420-bosentana-monoidratada-62,5mg-ranbaxy-60-comprimidos-generico-pp.jpg?v=638936476705500000",https://www.drogarianovaesperanca.com.br/imagens/190x190/Medicamento-RX-comprimidos-drogaria-nova-esperanca.png
bromocriptina,https://dcuk1cxrnzjkh.cloudfront.net/imagesproducto/431581L.jpg,https://cdn.quepadres.com/wp-content/uploads/2019/03/parlodel-Bromocriptina-1200-amp.jpg,https://farmaperu.shop/wp-content/uploads/2025/06/bromocriptina-2-5mg-30t-1024x1024.webp,https://cdn.quepadres.com/wp-content/uploads/2019/03/Bromocriptina.jpg
budesonida,https://santaluciadrogaria.vtexassets.com/arquivos/ids/164389/7896004758268.png?v=637638160454870000,https://quefarmacia.com/wp-content/uploads/2017/12/7502223700215.jpg,https://beta.cruzverde.cl/dw/image/v2/BDPM_PRD/on/demandware.static/-/Sites-masterCatalog_Chile/default/dw4ab8cbc8/images/large/391809-budesynt-hfa-la-budesonida-200-mcg-aerosol-para-inhalacion-oral-200-dosis.jpg?sw=1000&sh=1000,https://globalcarepharmave.com/wp-content/uploads/2024/02/Budesonida_01.jpg
burosumabe,https://d32exhd5j7o0z1.cloudfront.net/variants/pdCFCndFwPsqSZVdYYTpqMkE/b5093d8b4c22d700c09f79d936318255d6b4d43d4a720e2ddd394fbbc9b7dc27,https://farmaceuticodigital.com/wp-content/uploads/2020/11/Caixa-medicamento.png,https://img.freepik.com/fotos-premium/modelo-de-embalagem-de-caixa-de-medicamentos-em-branco-em-superficie-branca_800847-2257.jpg?w=2000,https://img.freepik.com/vetores-premium/design-de-embalagem-design-de-caixa-modelo-de-embalagem-e-design-cortado-para-xarope-de-colirio-medicinal_780351-416.jpg?w=2000
cabergolina,https://cdn-cosmos.bluesoft.com.br/products/7899547510928,https://resources.claroshop.com/medios-plazavip/s2/12248/5217695/659800a432090-d6aa9a89-f049-40d8-810e-f9eff030843f-1600x1600.jpg,https://d1jgmae0hcnr1i.cloudfront.net/Custom/Content/Products/14/65/146555_cabergolina-0-5mg-c-8cp-p140000_l1_638416944532007553.png,https://www.benavides.com.mx/media/catalog/product/cache/1e14d9bf4283b604380ef95a7c475a07/2/0/20240131_1046965.jpg
calcipotriol,https://cdn.shop-apotheke.com/images/1000x0/D14/016/430/D14016430-p11.jpg,https://cdn.shop-apotheke.com/images/400x0/D14/016/430/D14016430-p12.jpg,https://cdn.shop-apotheke.com/images/D05/119/390/D05119390-p13.jpg,http://www.borg-pharma.com/wp-content/uploads/2014/12/Calcipotriol1.png
calcitonina,https://www.apteka1.kiev.ua/images/products_image/pic_1003411.jpg,https://prixz.com/salud/wp-content/uploads/2020/10/Calcitonina-¿Que-es-y-para-que-sirve-.jpg,http://www.vademecumfarmacia.com/wp-content/uploads/2018/07/calcitonina.jpg,https://4.bp.blogspot.com/_rCHQzm_OAwc/TQ_Ia33rm-I/AAAAAAAAAHc/qDTHwpfdEUo/s1600/Miacalcic.jpg
calcitriol,https://www.drogueriascafam.com.co/56777-large_default/comprar-en-cafam-calcitriol-05-mcg-caja-con-30-capsulas-blandas-precio.jpg,https://unidrogas.vtexassets.com/arquivos/ids/363563/7703153021900.jpg?v=638248359803770000,https://cdn.shopify.com/s/files/1/0024/6058/1940/products/calcitriol-025-mcg-x-60-capsulas-ley-cenabast-yuyu-pharma-551050_1024x1024.jpg?v=1624318508,https://lh3.googleusercontent.com/8iOSkAYnlYBhmjrj7MZ_yQZ_adVoh3cnrbosxrgrTZc1iRCWGFklpsWW1Mc495iHoAkBWnnLgIskIcCLtjxtRFNif0pyiX1mVmI
certolizumabe pegol,https://www.bioredbrasil.com.br/wp-content/uploads/2022/03/biored-13.jpg,https://artritereumatoide.blog.br/wp-content/uploads/2022/03/Blogar-13.jpg,https://centrodeestudiosendocrinos.es/wp-content/uploads/certolizumab-pegol-cimzia-todo-lo-que-necesitas-saber.webp,https://nudii.com.br/wp-content/uploads/2024/09/nudii-medicamento-Certolizumabe-mobile-copiar.webp
ciclofosfamida,https://vidafarmacias.com/3712-large_default/cyata-de-500-mg-caja-con-frasco-ampula-solucion-inyectable-ciclofosfamida.jpg,https://quefarmacia.com/wp-content/uploads/2019/09/Ciclofosfamida-2.png,https://amfarmaceutica.com/wp-content/uploads/2024/07/CICLOFOSFAMIDA-1gr.jpg,https://images.tcdn.com.br/img/img_prod/1164379/genuxal_50mg_caixa_com_50_comprimidos_779_1_bdc754dd6ba7ac4dea4234f5afdd3fce.png
ciclosporina,https://beta.cruzverde.cl/on/demandware.static/-/Sites-masterCatalog_Chile/default/dwe9772397/images/large/760320-equoral-ciclosporina-a-100-mg-50-capsulas-de-gelatina-blanda.jpg,https://i.pinimg.com/736x/39/f8/1f/39f81fd179d0261a439ec854a4586e7e.jpg,https://3.bp.blogspot.com/-uUPuBzsunng/XJk3TP3_2MI/AAAAAAAAEQA/Fm6FXbNTVfE0Q3XfELb-u-uKe9NmfOX4ACEwYBhgL/s320/7.jpg,https://cdn.sistemawbuy.com.br/arquivos/4527b6ed49ef0d714ee226dc130bfca0/produtos/667e9b834649e/ciclosporina-50mg-687ee534326b0_mini.jpg
cinacalcete,https://images.tcdn.com.br/img/img_prod/1325166/embalagem_caixa_alimento_branco_750ml_50_unidades_1153_2_d74b037688ed5864371ba54c57d1969b.png,https://images.tcdn.com.br/img/img_prod/693313/caixa_embalagem_de_papel_2838_1_d7fe0c9f85a83c8021706c7768825036_20250109100651.jpg,https://images.tcdn.com.br/img/img_prod/1325166/embalagem_caixa_de_bombom_06_forminhas_branco_com_tampa_de_acetato_10_unidades_2479_1_2c9b8ac4a78c8ef87df0911252277e22.jpg,https://static.tuasaude.com/resources/harmony/img/banner-find-doctor-first-paragraph.jpg
ciprofibrato,https://drogariacatarinense.vteximg.com.br/arquivos/ids/208939-1000-1000/747721.jpg?v=638502717069730000,https://c.repnautica.com/wp-content/uploads/2023/03/ciprofibrato.jpg,https://farmagentoluca.com.mx/wp-content/uploads/2024/12/IMG_3700.jpg,https://www.drogueriascafam.com.co/50179-large_default/comprar-en-cafam-ciprofibrato-100-mg-caja-con-20-tabletas-precio.jpg
ciproterona,https://cdn-cosmos.bluesoft.com.br/products/7896714241821,https://images.tcdn.com.br/img/img_prod/1063102/ciproterona_acetato_125237181_2_c69310ccd2b80e5b7c8694aeaf6fe85d.png,https://images.tcdn.com.br/img/img_prod/666884/acet_de_ciproterona_50mg_cx_c_20_comp_83_1_20190207132747.jpg,https://back.apppharma.com.br/public/imagem/tarja_vermelha_amarela.png
cladribina,https://bioethicpharma.com.py/storage/thumbnails/-storage-imagenes-Areas-terapeuticas-neurología-cladribina.png,https://nomenclator.org/img/envase.1200/mavenclad-10-mg-comprimidos-1.jpg,https://richmondlab.com/ar/img/productos-high/eurit.png,https://tufarmaceuticodeguardia.org/wp-content/uploads/2019/10/IMG_20191014_134049-1024x576.jpg
clobazam,https://www.actizapharma.com/wp-content/uploads/2024/01/clobazepam-20-1.jpg,https://www.actizapharma.com/wp-content/uploads/2024/01/clobazepam-600x600.jpg,https://dailymed.nlm.nih.gov/dailymed/image.cfm?name=20mg100scarton.jpg&setid=cf31b8d1-0d19-4529-99b6-1f7366064a3c,https://www.drugs.com/pro/images/a526ad73-d3c1-40b7-8e71-426b01cdea27/clobazam-oral-suspension-4.jpg
clobetasol,https://pasteurio.vtexassets.com/arquivos/ids/173458/Salud-y-Medicamentos-Medicamentos-formulados_Genfar_Pasteur_121091_caja_01.jpg?v=637989545471170000,https://cdn-cosmos.bluesoft.com.br/products/7897930775213,https://farmaciainformativa.com/wp-content/uploads/2018/08/Clobetasol-9.jpg,https://www.drugs.com/pro/images/6f930298-e410-4bfb-8c3f-456a1f55f4a9/4b438653-7716-486d-9148-bf3a586237dc-03.jpg
clonazepam,https://cdn-cosmos.bluesoft.com.br/products/7896004759692,https://cdn-cosmos.bluesoft.com.br/products/7896422515016,https://imgprd.martinsatacado.com.br/catalogoimg/294215/01_294215_01.jpg?v=110920223448;ims=1000x,https://beta.cruzverde.cl/dw/image/v2/BDPM_PRD/on/demandware.static/-/Sites-masterCatalog_Chile/default/dwfeff7773/images/large/199479-clonazepam-bioequivalente-mintlab-comprimido-30-unidades-clonazepam-2-mg.jpg?sw=1000&sh=1000
clopidogrel,https://cdn-cosmos.bluesoft.com.br/products/7897595633675,https://ecofarma.co/wp-content/uploads/2024/12/CLOPIDOGREL-75-MG-X-28-TABL-.webp,https://cdn-cosmos.bluesoft.com.br/products/7896004722047,https://cdn-cosmos.bluesoft.com.br/products/7891317496753
clozapina,https://americanas.vtexassets.com/arquivos/ids/1015323/7511641051_4_xlarge.jpg?v=638750902429770000,https://americanas.vtexassets.com/arquivos/ids/19001121/25752106_10_xlarge.jpg?v=638754912342200000,https://www.shutterstock.com/image-photo/blank-white-product-package-box-600w-2178583327.jpg,https://zenklub.com.br/blog/wp-content/uploads/2022/02/Clozapina-scaled-600x400.jpg
codeína,https://www.drogariaminasbrasil.com.br/media/webp/catalog/product/cache/74c1057f7991b4edb2bc7bdaa94de933/image/102728c0ab/paracetamol-500mg-com-fosfato-de-codeina-30mg-com-24-comprimidos-generico-nova-quimica_jpg.webp,https://product-data.raiadrogasil.io/images/14982031.webp,https://www.drogariaminasbrasil.com.br/static/version1758343324/frontend/GuedesEPaixao/drogariaminasbrasil/pt_BR/Magento_Catalog/images/product/placeholder/tarja-vermelha-generico-comprimidos.jpg,https://farmaciaindiana.vtexassets.com/arquivos/ids/306301/MEDICAMENTO-TARJADO-PRETO.jpg?v=638451716754000000
danazol,https://bysprodstorage.blob.core.windows.net/images/23192.png,https://acdn-us.mitiendanube.com/stores/003/511/797/products/3-6-3e02f683bed999e86717395767754897-1024-1024.png,https://www.mdsc.com.mx/web/image/product.template/160523/image_1024?unique=3df4314,"https://static.wixstatic.com/media/418be8_b23d0f7e7b5241cb887ba9e4369475a9~mv2.png/v1/fill/w_1000,h_607,al_c,usm_0.66_1.00_0.01/418be8_b23d0f7e7b5241cb887ba9e4369475a9~mv2.png"
dapagliflozina,https://imgv2-2-f.scribdassets.com/img/document/728176601/original/005098d5dd/1720621558?v=1,"https://eurofarmacdn.com/storage/media/18623/Designsemnome11.png?w1000,h1000,q80,mSCALE,vV3.jpg",https://images.tcdn.com.br/img/img_prod/1063102/dapagliflozina_5_mg_125235131_1_7d79579681761228bc995df1cbdc03fb.png,https://paguemenos.vtexassets.com/arquivos/ids/1080850/GENERICO+TARJA+VERMELHA.jpg
dapaglifozina,https://cdn.awsli.com.br/2500x2500/1063/1063171/produto/269750180/dapaglifozina-10mg-siy1rbrxu9.jpg,https://farmaciabelaessencia.cdn.magazord.com.br/img/2025/08/produto/2067/embalagem-padrao-2025-08-29t121346-912.png,https://farmaciabelaessencia.cdn.magazord.com.br/img/2025/08/produto/2064/embalagem-padrao-2025-08-29t121121-726.png?ims=fit-in/425x425/filters:fill(white),https://drogal.vtexassets.com/arquivos/ids/264681/177137.jpg?v=638907936007570000
dapsona,https://prixz.com/salud/wp-content/uploads/2020/10/Dapsona.jpg,https://www.rontag.com/wp-content/uploads/2018/06/daps-300x245.jpg,http://farmaciainformativa.com/wp-content/uploads/2018/08/dapsona-5.jpg,https://i.ytimg.com/vi/L8Shxvldc9Q/maxresdefault.jpg
deferasirox,"https://i0.wp.com/tajgenerics.com/wp-content/uploads/Deferasirox-Dispersible-Tablets-500mg-Taj-Pharma.jpg?fit=2592,1728&ssl=1",https://5afarma.com.vn/wp-content/uploads/2023/08/Deferasirox-5A-FARMA-125mg_3-vi-x-10-vien_10-01-2019-2.png,https://cpimg.tistatic.com/8032224/b/7/deferasirox-dispersible-tablets-500mg.jpg,https://tajgenerics.com/wp-content/uploads/cache/images/Deferasirox-Dispersible-Tablets-500mg-Taj-Pharmaceuticals-India-Mumbai/Deferasirox-Dispersible-Tablets-500mg-Taj-Pharmaceuticals-India-Mumbai-3037077481.jpg
deferiprona,https://www.inovafarma.com.br/blog/wp-content/uploads/2021/04/medicamento-tarja-vermelha.jpg,https://i.pinimg.com/736x/80/f9/d2/80f9d25602afcbcd58e860a40d5ab7a2.jpg,https://farmaceuticodigital.com/wp-content/uploads/2020/11/Caixa-medicamento-150x116.png,https://img.freepik.com/vetores-premium/design-de-modelo-de-corte-e-embalagem-de-caixa-modelo-de-design-de-caixa-de-medicamento-para-xarope-de-colirio-de-medicamento_780351-414.jpg?w=2000
densidade,https://imagemasterspackaging.com/wp-content/uploads/2018/04/Embalagem_packaging_caixa_medicamentos_b-1300x1200.jpg,https://down-br.img.susercontent.com/file/tw-11134201-7r98u-ls1538mr7zlm94,https://img.freepik.com/vetores-premium/modelo-de-embalagem-de-design-de-caixa-para-design-de-caixa-de-medicamento-de-produto_780351-367.jpg,https://img.freepik.com/psd-premium/modelo-de-embalagem-da-caixa-de-comprimidos_47987-19464.jpg
desferroxamina,"https://farmaindex.com/_next/image?url=https://ik.imagekit.io/Farmaindex/tr:w-200,h-200/mockups/tarja-vermelha-generico.png&w=256&q=75",https://farmaceuticodigital.com/wp-content/uploads/2020/11/Caixa-medicamento.png,https://cr-net-public-staging.s3.amazonaws.com/pharmaceutic_form/017E3721FD0F18F0992173E096A0A7AF.4e8980ff-cb27-4b21-87ee-ad85df34d79a,https://uploads.consultaremedios.com.br/ckeditor_assets/pictures/5818a9db157770000ca0f02c/original_imagem1-mesilato_de_desferroxamina-consulta-remedios.png?1478011354
desmopressina,https://cliniguia.com/media/2023/03/12130129/Acetato-De-Desmopressina-01mg-Ml-Spray-Nasal-25ml.jpg,https://cdn-cosmos.bluesoft.com.br/products/7898149934910,https://images.tcdn.com.br/img/img_prod/894687/desmopressina_0_1mg_ml_solucao_spray_nasal_2_5ml_generico_bergamo_5_1_4b2c2a3fecacb64c47b4eb4732dc9f72.jpg,https://paguemenos.vtexassets.com/arquivos/ids/1081497/GENERICO+TARJA+VERMELHA.jpg?v=638957215851500000
donepezila,https://imgprd.martinsatacado.com.br/catalogoimg/264542/01_264542_01.jpg?v=100920221228&ims=1000x,https://cdn-cosmos.bluesoft.com.br/products/7896658038303,https://cdn-cosmos.bluesoft.com.br/products/7896658022876,https://cdn-cosmos.bluesoft.com.br/products/7897076912060
eculizumabe,https://uploads.production.portal.marketing.afya.systems/wp-content/uploads/2025/06/03123246/Stock_Firefly_4003_widescreen_1748964733275.jpeg,https://advocaciavf.com.br/wp-content/uploads/2024/10/ECULIZUMABE.png,https://www.saludediciones.com/wp-content/uploads/2021/10/download.jpg,https://www.inovafarma.com.br/blog/wp-content/uploads/2021/04/medicamento-tarja-vermelha.jpg
elexacaftor,https://healthsupply-online.com/wp-content/uploads/2023/01/Trixacar.jpg,https://5.imimg.com/data5/SELLER/Default/2025/1/483950305/RI/AD/EX/240042655/trixacar-elexacaftor-tezacaftor-ivacaftor-84-tablets-1000x1000.jpg,https://farmaceuticodigital.com/wp-content/uploads/2020/11/Caixa-medicamento.png,https://img.freepik.com/fotos-premium/modelo-de-embalagem-de-caixa-de-medicamentos-em-branco-em-superficie-branca_800847-2257.jpg?w=1380
eltrombopague,https://cdn.awsli.com.br/2500x2500/1744/1744611/produto/108008929/1b5bd8abdc.jpg,https://cr-net-public-staging.s3.amazonaws.com/pharmaceutic_form/33CB61F227FBEFA0E8FB928A3C2C319C.be0b8fb0-f520-4b64-89f4-c9d5863b7465,https://www.inovafarma.com.br/blog/wp-content/uploads/2021/04/medicamento-tarja-vermelha.jpg,https://emergencydrug.com/ko-kr/wp-content/uploads/2021/07/Eltrombopag-Elbonix-25-mg.jpg
eltrombopague olamina,https://images.tcdn.com.br/img/img_prod/707730/revolade_eltrombopague_olamina_25mg_caixa_com_14_comprimidos_revestidos_2503_1_026aaf643dd69feee715339800b19db5.png,https://img.irroba.com.br/fit-in/900x700/filters:fill(fff):quality(80)/sampharm/catalog/caixas-de-medicamentos-novas/revolade-25mg-caixa-com-14-comprimidos-revestidos-eltrombopague-olamina.jpg,https://cdn.awsli.com.br/2500x2500/1744/1744611/produto/108008929/1b5bd8abdc.jpg,"https://static.wixstatic.com/media/b0e3bb_6977e6951d484326b580c4950a6ba632~mv2.png/v1/fit/w_500,h_500,q_90/file.png"
enoxaparina sódica,https://img.irroba.com.br/fit-in/900x700/filters:fill(transparent):quality(80)/sampharm/catalog/imagens-de-seringas/heptris-40mg.20250623171140.png,https://contenido.medicamentos.bo/medicamento/imagen/41069.jpg,https://dojiw2m9tvv09.cloudfront.net/50562/product/inhixa2092.jpg?69&time=1740032361,https://q2vida.com/wp-content/uploads/2023/03/Enoxaparina-Sodica-1024x577.jpeg
entacapona,https://imagemasterspackaging.com/wp-content/uploads/2018/04/Embalagem_packaging_caixa_medicamentos_b-1300x1200.jpg,https://imgv2-2-f.scribdassets.com/img/document/756667874/original/625b4ccf02/1?v=1,https://img.freepik.com/vetores-premium/design-de-modelo-de-corte-e-embalagem-de-caixa-modelo-de-design-de-caixa-de-medicamento-para-xarope-de-colirio-de-medicamento_780351-414.jpg,https://dms.licdn.com/playlist/vid/v2/D4D05AQFQGVF6QGBwkg/thumbnail-with-play-button-overlay-high/B4DZe7XS1RHAD4-/0/1751195138655?e=2147483647&v=beta&t=dJMUQ-46z57hNEWyu1PKytU9OX5_0sVzwI0bWBMIw78
etanercepte,https://americanas.vtexassets.com/arquivos/ids/1015323/7511641051_4_xlarge.jpg?v=638750902429770000,https://encontrar.org.br/wp-content/uploads/2020/11/etanercepte-nova-embalagem.jpg,https://img.freepik.com/vetores-premium/modelo-de-embalagem-de-design-de-caixa-para-design-de-caixa-de-medicamento-de-produto_780351-367.jpg,https://magnafarma.circletech.com.br/admin/storage/uploads/2023/12/15/Banner-Ruler-6_uid_657c01ff37a05.png
etossuximida,https://product-data.raiadrogasil.io/images/1279813.webp,https://product-data.raiadrogasil.io/images/16487195.webp,https://cdn-cosmos.bluesoft.com.br/products/7896637022583,https://cr-net-public-staging.s3.amazonaws.com/pharmaceutic_form/017E3721FD0F18F0992173E096A0A7AF.4e8980ff-cb27-4b21-87ee-ad85df34d79a
everolimo,https://natcofarma.com/wp-content/uploads/2021/08/caixas-principio-ativo.png,https://agencia.fiocruz.br/sites/agencia.fiocruz.br/files/u91/everolimo_m.jpg,https://natcofarma.com/wp-content/webp-express/webp-images/uploads/2023/05/PACKS-EVEROLIMO-PARA-O-SITE.png.webp,https://img.band.uol.com.br/image/2024/06/24/cerca-de-15-milhoes-de-unidades-farmaceuticas-vao-ser-produzidas-ate-o-final-de-2024-172616_800x450.webp
fenofibrato,https://americanas.vtexassets.com/arquivos/ids/30977737/7492434452_1_xlarge.jpg?v=638794366768130000,https://cdn-cosmos.bluesoft.com.br/products/7898071151218,https://images.tcdn.com.br/img/img_prod/935384/fenofibrato_250mg_60_capsulas_4508_1_389a9e88d8e049e7e8f2f7866f83efa9.png,https://farmacerta.com/wp-content/uploads/2024/07/tricor_online-brasil-1.webp
fenoterol,https://blogger.googleusercontent.com/img/b/R29vZ2xl/AVvXsEjDHUjHqEHyd1_H4jbk17-EfTE3rjufVyxpHi_y1Fqa4LNBosJz1QYIsvd8HMvYrHOo6_rgxs2XOXm35PYiA7ZJQqxQMBUSheFeLhTo1WjMkxWDUnRRgwthmVaYH429757YCxGmCls7xVhq/w1200-h630-p-k-no-nu/caixa+f.png,https://www.ecofarmacias.cl/wp-content/uploads/2024/01/fenote-scaled.jpg,https://farmacenter.com.pe/wp-content/uploads/2025/04/1000495487.png,https://farmex.cl/cdn/shop/files/fenoterolipratropio-5020-mcg-aer-inh-x-200-dosis-ley-cenabast-inpac-pharma-755966_1024x1024.jpg?v=1740597120
filgrastim,https://farmacorp.com/cdn/shop/files/7730979511186_1200x1200.jpg?v=1705677737,https://panamfarma.com/wp-content/uploads/2024/08/Filgrastim_300mcg.png,https://farmaciard.com/wp-content/uploads/2025/09/Filgrastim-300Mg-Solucion-Inyectable.jpg,https://onkospharma.pe/250-large_default/filgrastim-300-mcgml.jpg
fingolimode,https://imgv2-2-f.scribdassets.com/img/document/756667874/original/625b4ccf02/1?v=1,https://down-br.img.susercontent.com/file/sg-11134205-7rdyi-lzxguex4b7e06c,https://www.eltonfernandes.com.br/uploads/tinymce/uploads/fingolimode/quais-sao-os-efeitos-colaterais-do-fingolimode.jpg,https://www.eltonfernandes.com.br/uploads/tinymce/uploads/fingolimode/reacao-rara-do-fingolimode.jpg
formoterol,https://www.profonsa.com/sites/default/files/2022-12/formoterol+2.png,https://cdn-cosmos.bluesoft.com.br/products/7896181905288,https://botplusweb.farmaceuticos.com/Documentos/AEMPS/Fotos/199789/full/66573_materialas.jpg,https://cdn-cosmos.bluesoft.com.br/products/7896181905271
fumarato de dimetila,https://1.bp.blogspot.com/-RvpMQprR_bQ/X8OnxYBSj8I/AAAAAAAAFjI/ewg3o6F5V3E36iR3VJGah-0Rc_EEl8N-gCNcBGAsYHQ/s16000/fumarato-dimetila-sus.png,https://www.kernpharma.com/sites/default/files/productos/imagenes/fumarato-de-dimetilo-kern-pharma-120-mg-14-capsulas-duras-gastrorresistentes-efg-0.jpg,https://nomenclator.org/img/envase.900/fumarato-dimetilo-sandoz-240-mg.jpg,https://nomenclator.org/img/envase.900/fumarato-dimetilo-sandoz-120-mg.jpg
gabapentina,https://cdn-cosmos.bluesoft.com.br/products/7899547514384,https://santaluciadrogaria.vtexassets.com/arquivos/ids/320341/7898146820612.png?v=638054143600600000,https://i5.walmartimages.com.mx/mg/gm/3pp/asr/f62def01-fc2f-486b-bf18-fd361b5d89c4.b6785c2dc8c8b6c0d10bffd0e8c8f28f.jpeg?odnHeight=2000&odnWidth=2000&odnBg=ffffff,https://ascendlabs.cl/wp-content/uploads/2025/04/Gabapentina-400-3x10s.jpg
galantamina,https://botplusweb.farmaceuticos.com/Documentos/AEMPS/Fotos/266019/full/74332_materialas.jpg,https://botplusweb.farmaceuticos.com/Documentos/AEMPS/Fotos/268820/full/77289_materialas.jpg,https://novafarmawimer.pe/wp-content/uploads/2025/06/15934.webp,https://uploads.consultaremedios.com.br/product_images/full/50de9cba88a3d12327868d55cb56e0d507fcc881.jpeg?1588701586
ganciclovir,https://5.imimg.com/data5/FX/TB/RX/SELLER-5907702/ganciclovir-capsules-500mg-1000x1000.png,https://www.vitalislaboratorio.com/wp-content/uploads/2020/09/ganciclovir-500-caja-vial-750x750.jpg,https://prixz.com/salud/wp-content/uploads/2020/11/Ganciclovir-que-es-y-para-que-sirve-.png,https://5.imimg.com/data5/AN/WK/MY-7034457/ganciclovir-capsules-500x500.jpg
genfibrozila,https://cdn-cosmos.bluesoft.com.br/products/7896422508209,https://cdn-cosmos.bluesoft.com.br/products/7896004709680,https://pasteurio.vtexassets.com/arquivos/ids/175086/Salud-y-Medicamentos-Medicamentos-formulados_Genfar_Pasteur_169249_caja_01.jpg?v=638349699584800000,https://drogal.vtexassets.com/arquivos/ids/186382/50276.jpg?v=638387836930430000
glatirâmer,https://imgs.jusbr.com/publications/images/bfe6d94a7801776a341b504114be00e8,https://1.bp.blogspot.com/-WSMpm1c0zUQ/XlqvDYzA8YI/AAAAAAAAFHI/h7JJX3Uo9LMNj-tdKErl3DbVQiwgW6_0ACNcBGAsYHQ/s400/caixas-acetato-glatiramer.png,https://farmaceuticodigital.com/wp-content/uploads/2020/11/Caixa-medicamento-363x280.png,https://www.inovafarma.com.br/blog/wp-content/uploads/2021/04/medicamento-tarja-vermelha.jpg
golimumabe,https://i.ytimg.com/vi/LzOJornl8Tc/maxresdefault.jpg,https://nudii.com.br/wp-content/uploads/2024/09/nudii-medicamento-Golimumabe-mobile-2-copiar.webp,https://alemdii.org.br/wp-content/uploads/2023/08/simponi-sus-23-1.jpg,https://i.ytimg.com/vi/YI-OET4qHPs/maxresdefault.jpg
gosserrelina,https://images.tcdn.com.br/img/img_prod/707730/zoladex_acetato_de_gosserrelina_3_6mg_caixa_com_1_seringa_carregada_com_depot_de_uso_subcutaneo_2685_1_6f538da3187d7167e3085441a2032876.png,https://castellodecampos.com.br/wp-content/uploads/2020/03/Zoladex-Acetato-de-gosserrelina.jpg,"https://farmaindex.com/_next/image?url=https://ik.imagekit.io/Farmaindex/tr:w-350,h-350/mockups/tarja-vermelha.png&w=1920&q=75",https://cr-net-public-staging.s3.amazonaws.com/pharmaceutic_form/6424187966D7FC4A49300618DE3DB24D.99a0e027-c195-49b0-859e-ff556644ba03
hidroxicloroquina,https://conteudo.imguol.com.br/4b/2021/06/17/embalagem-do-medicamento-hidroxicloroquina-1623922572508_v2_900x506.jpg,https://pancho.com.br/wp-content/uploads/2020/07/20200723-CLOROQUINA.jpg,https://www.fybeca.com/on/demandware.static/-/Sites-masterCatalog_FybecaEcuador/default/dw3c57a000/images/large/294693_1-hidroxicloroquina-bkf-400-mg-caja.jpg,https://media.istockphoto.com/id/1358980337/pt/foto/generic-box-of-tablets-of-hydroxychloroquine-treatment-used-experimentally-for-the-treatment.jpg?s=612x612&w=0&k=20&c=jn8L1PDpmyaqaPpJyxdftDAhqgSQGK3I0-iXOfpiY9k=
hidróxido férrico,https://www.bassopancotte.com.br/wp-content/uploads/2016/01/Ferrodex-0.jpg,"https://i0.wp.com/enfermagemilustrada.com/wp-content/uploads/2021/07/noripurummini.png?fit=1200,630&ssl=1",https://res.cloudinary.com/prixz/image/upload/w_500/q_auto/f_auto/items/7501088504198.webp,https://solmedicamentos.com.br/loja/image/cache/catalog/Demais+Produtos/Noripurum-74x74.png
hidroxiureia,https://cdn-cosmos.bluesoft.com.br/products/7896016800696,https://bshealthgroup.com/wp-content/uploads/Hidroxiurea-500-mg-100-capsulas-duras-Blau-Bonne-Sante-Group.webp,https://images.tcdn.com.br/img/img_prod/707730/tepev_hidroxiureia_500mg_caixa_com_100_capsulas_duras_2607_1_95e820b709637de6798216b5da17115b.png,https://www.medi.com.br/lojas/00036455/prod/KIT-5-CAIXAS-generico.png?cccfc=30764412
idursulfase alfa,https://img.freepik.com/vetores-premium/modelo-de-embalagem-de-design-de-caixa-para-design-de-caixa-de-medicamento-de-produto_780351-367.jpg?w=2000,https://cdn.media.analiticinsumos.com.br/uploads/2024/11/PRODUTOS-SITE-AN2-25.jpg,https://cdn.awsli.com.br/800x800/2620/2620639/produto/256044784/fita223---2024-10-09t191031-452-axadtaei9d.png,https://down-br.img.susercontent.com/file/br-11134207-7r98o-lniyfpb8apqk04
iloprosta,https://farmaceuticodigital.com/wp-content/uploads/2020/11/Caixa-medicamento.png,https://i.ytimg.com/vi/axjRjE5Xs00/maxresdefault.jpg,https://img.freepik.com/vetores-premium/design-de-modelo-de-corte-e-embalagem-de-caixa-modelo-de-design-de-caixa-de-medicamento-para-xarope-de-colirio-de-medicamento_780351-414.jpg?w=2000,https://www.inovafarma.com.br/blog/wp-content/uploads/2021/04/medicamento-tarja-preta-1280x720.jpg
infliximabe,https://images.tcdn.com.br/img/img_prod/1164379/xilfya_10mg_ml_caixa_com_1_frasco_ampola_com_po_para_solucao_de_uso_intravenoso_10ml_813_1_bdc754dd6ba7ac4dea4234f5afdd3fce.png,"https://i2.wp.com/artritereumatoide.blog.br/wp-content/uploads/2018/01/Duvida-paciente-bio-manguinhos-infliximabe.jpg?resize=685,456&is-pending-load=1#038;ssl=1",https://www.cliquefarma.com.br/cdn-cgi/imagedelivery/HWe2hc9laId8jMwJ0Cw8sw/TarjaVermelha.png/standard,https://admin.saude.rs.gov.br/upload/arquivos/202208/02134724-informacoes-sobre-infliximabe.jpeg
insulina determir,https://www.plmconnection.com/plmservices/PharmaSearchEngine/Mexico/DEF/SIDEF/400x400/nn_levemir_plumas_c5.png,https://enfermeriabuenosaires.com/wp-content/uploads/2022/02/Insulina.png,https://mifarma.mx/547-large_default/levemir-5-plumas.jpg,https://5.imimg.com/data5/SELLER/Default/2023/5/305517539/DG/TK/YT/186424930/100uml-levemir-insulin-determir-1000x1000.jpg
insulina glargina,https://www.doctor-online.com.ar/wp-content/uploads/que-tipo-de-insulina-es-la-insulina-glargina-scaled.webp,https://www.farmaciasjulios.com/wp-content/uploads/2024/08/farmaciasjulios_insulina-lantus-pluma-100unidades-ml.jpg,https://tantovital.com/images/productos/7501125153747.webp,https://saludmedicamentos.com/wp-content/uploads/2024/12/611477.jpg
isoconazol,https://www.drogueriascafam.com.co/49763-large_default/comprar-en-cafam-isoconazol-1-caja-con-tubo-con-20-g-antimicotico-precio.jpg,https://cdn-cosmos.bluesoft.com.br/products/7896676408355,https://sanorim.mx/cdn/shop/files/Isoconazol.jpg?v=1743519870,https://sanorim.mx/cdn/shop/files/Isoconazol_834d663f-292a-48e6-8b06-fc5549e9daec.png?height=940&v=1759450605
isotretinoina,https://cdn-cosmos.bluesoft.com.br/products/7897076919335,http://www.farmaciascurie.cl/cdn/shop/files/isotretinoina_12067775-7c6c-4332-97d8-b6bac1a4a32e.jpg?v=1736792803,https://droxicolprd.vtexassets.com/arquivos/ids/166579/isotretinoina-20-mg-caja-x-30-capsulas-colmed-3448-11151.jpg?v=638787097255630000,https://www.farmaciascurie.cl/cdn/shop/files/isotretinoina.png?v=1733505816
ivacaftor,https://imagemasterspackaging.com/wp-content/uploads/2018/04/Embalagem_packaging_caixa_medicamentos_a.jpg,https://imgv2-2-f.scribdassets.com/img/document/756667874/original/625b4ccf02/1?v=1,https://img.freepik.com/vetores-premium/design-de-caixa-de-remedios-embalagem-de-caixa-design-de-modelo-cortado-design-de-pacote-maquete-de-caixa-de-embalagem_780351-423.jpg?w=1480,https://down-br.img.susercontent.com/file/sg-11134205-7rdyi-lzxguex4b7e06c
lamotrigina,https://farmaciaelquimico.cl/cdn/shop/files/lamotrigina50mg30.jpg?v=1688579651,https://www.zuca.mx/cdn/shop/files/zuca-lamotrigina-de-100-mg-caja-c28-2-2.jpg?v=1743196394,https://farmapalacio.com/wp-content/uploads/2024/08/LAMOTRIGINA-100-MG-CAJA-X-30-TABLETAS-HUMAX.jpg,https://www.saebolivia.com/wp-content/uploads/2025/07/4372-LAMOTRIGINA-100MG-X-30-COMP.-DISP.jpg
lanreotida,https://irp.cdn-website.com/e7578fab/dms3rep/multi/Lanreotida+mexico.jpg,https://www.inovafarma.com.br/blog/wp-content/uploads/2021/04/medicamento-tarja-vermelha.jpg,https://lirp.cdn-website.com/e7578fab/dms3rep/multi/opt/PreparaciÃ-n+de+Lanreotida+para+AdministraciÃ-n-1920w.jpg,https://images.tcdn.com.br/img/img_prod/1164379/somatuline_autogel_90mg_cx_c_01_ser_preenc_0_5ml_subcut_7_1_8dc3bcbe46508ee1bfb475b13fcebcf1.png
laronidase,https://c8.alamy.com/comp/2RNB19J/laronidase-a-medication-used-to-treat-a-rare-genetic-disorder-called-hurler-syndrome-hurler-syndrome-genetic-disorder-injection-2RNB19J.jpg,https://dailymed.nlm.nih.gov/dailymed/image.cfm?name=aldurazyme-02.jpg&setid=a80ac249-cae4-41f3-88bb-344088b20e60&type=img,https://www.wikidoc.org/images/c/c6/Laronidase_PDP.png,https://farmaceuticodigital.com/wp-content/uploads/2020/11/Caixa-medicamento.png
leflunomida,https://http2.mlstatic.com/D_NQ_NP_955324-MLM77140011929_062024-O.webp,https://botplusweb.farmaceuticos.com/Documentos/AEMPS/Fotos/264517/full/74344_materialas_1.jpg,https://www.plmconnection.com/plmservices/PharmaSearchEngine/Mexico/DEF/SIDEF/400x400/amsa_leflunomida_comp_20mg_30.png,https://sanorim.mx/cdn/shop/files/Leflunomida.jpg?v=1686027292
leuprorrelina,https://images.tcdn.com.br/img/img_prod/707730/eligard_acetato_de_leuprorrelina_45mg_caixa_com_1_seringa_com_po_para_suspensao_de_liberacao_prolong_2205_1_6f538da3187d7167e3085441a2032876.png,https://acdn-us.mitiendanube.com/stores/003/349/935/products/lorelin-11-25-b30e1b32e63fa1589d17237611298719-240-0.png,https://images.tcdn.com.br/img/img_prod/1164379/lectrum_3_75mg_cx_c_01_fra_amp_po_dil_1_5ml_im_33_1_8dc3bcbe46508ee1bfb475b13fcebcf1.png,https://www.globalfarma.com.br/image/cache/produtos/Caixas/MODELO+3_416X416-600x315.png
levetiracetam,https://cdn.shop-apotheke.com/images/D09/123/336/D09123336-p15.jpg,https://botplusweb.farmaceuticos.com/Documentos/AEMPS/Fotos/323279/full/75135_materialas.jpg,https://lh3.googleusercontent.com/9noKGGrr5-W3EzAdFM0kolEe9SP3mBWvMEuHvqIIdiFpWWr2vY8wCyNJCyi3F5tT1w1s92UgSTgk5R3g35ZXDyLpGtn74kLsyVq7paXSYqi1-biD,https://www.farmaciasahumada.cl/on/demandware.static/-/Sites-ahumada-master-catalog/default/dwbcc92a41/images/products/88448/88448.jpg
memantina,https://cdn-cosmos.bluesoft.com.br/products/7891317472139,https://www.emeritafarmacias.com/wp-content/uploads/7501349024649-scaled.jpg,https://www.farmaciascurie.cl/cdn/shop/files/memantina.png?v=1734467921,https://farmastore.com.ve/930-large_default/memantina-20-mg-caja-x-30-tabletas.jpg
mesalazina,https://santaluciadrogaria.vtexassets.com/arquivos/ids/162023/7896714223131.png?v=637638098802630000,"https://res.cloudinary.com/wpchile/image/upload/f_auto,q_auto,w_auto/easyfarma/woo_product/30814/mesalazina.jpg",https://lh3.googleusercontent.com/UJBcfeGx-ERY6UgRwH6Fcwtl2ZPln-i-Erg3ibG2x9btdN6bqyY4VqhEerQFS2N8PeQ75haTYZJKx5kXwc44sReXhFfp2hNos0WgB-aVdeOSV9su,https://droxicolprd.vtexassets.com/arquivos/ids/163679/mesalazina-500-mg-caja-x-30-tabletas-ecar-447510-8249.jpg?v=638787041362300000
metadona,https://farmacorp.com/cdn/shop/files/7795375600858-des_700x700.jpg?v=1694032385,https://farmacorp.com/cdn/shop/files/7795375600841_700x700.jpg?v=1694015873,https://www.asamed.com.br/1876-large_default/metadona-10mg-ml-1ml-c-25amp-im-scmytedona1-cristalia.webp,https://media.istockphoto.com/photos/methadone-daily-dose-lockbox-picture-id1166931771?k=20&m=1166931771&s=612x612&w=0&h=YQQDjo0-Xs1VcLrtrpo4G5lihP2x2YT4TqXKRtXSiUM=
metilfenidato,https://www.benavides.com.mx/media/catalog/product/cache/13134524bf2f7c32f6bea508eba7e730/2/0/20240704_1048805.jpg,https://botplusweb.farmaceuticos.com/Documentos/AEMPS/Fotos/269399/full/77779_materialas.jpg,https://res.cloudinary.com/prixz/image/upload/w_500/q_auto/f_auto/items/7501249607294.webp,https://product-data.raiadrogasil.io/images/1279812.webp
metilprednisolona,https://droxicolprd.vtexassets.com/arquivos/ids/170855/metilprednisolona-500-mg-caja-x-1-ampolla-vitalis-61897-15500.jpg?v=638787178699430000,https://botplusweb.farmaceuticos.com/Documentos/AEMPS/Fotos/264501/full/71866_materialas.jpg,https://quefarmacia.com/wp-content/uploads/2017/10/552377-300x300.jpg,https://farmapalacio.com/wp-content/uploads/2024/08/METILPREDNISOLONA-16-MG-CAJA-X-10-TABLETAS-MK-600x600.jpg
metotrexato,https://beta.cruzverde.cl/on/demandware.static/-/Sites-masterCatalog_Chile/default/dwb9967226/images/large/274647-metotrexato-bioequivalente-comprimido-100-unidades-metotrexato-25-mg.jpg,http://pasteur.vteximg.com.br/arquivos/ids/169353-1000-1000/Salud-y-Medicamentos-Medicamentos-formulados_Metotrexato_Pasteur_355060_caja_1.jpg?v=636518086972100000,https://uroccidente.com/wp-content/uploads/2022/10/3042-1536x1024.jpg,https://droxicolprd.vtexassets.com/arquivos/ids/172862/metotrexato-2-5-mg-caja-x-100-comprimidos-tecnofarma-8049-17507.jpg?v=638787220143270000
micofenolato de mofetila,https://consultaremedios.fbitsstatic.net/img/p/micofenolato-de-mofetila-furp-278288/464863.jpg?w=420&h=420&v=202502100028,https://images.tcdn.com.br/img/img_prod/1164379/micofenolato_de_mofetila_500mg_generico_novamed_caixa_com_50_comprimidos_861_1_bdc754dd6ba7ac4dea4234f5afdd3fce.png,https://avfarma.com.br/wp-content/uploads/2025/11/human-cells-in-a-blue-background-3d-illustration-2024-09-13-19-51-26-utc-2048x1194.jpg,https://avfarma.com.br/wp-content/uploads/2025/11/team-of-doctors-consulting-with-paperwork-of-graph-2025-04-06-07-19-43-utc-2048x1417.jpg
micofenolato de sodio,https://www.belgochilena.cl/wp-content/uploads/2023/05/Micofenolato_500MG_50C_Teva_HD.jpg,"https://static.wixstatic.com/media/b0e3bb_764c31a8caee4f55a367de309d214909~mv2.jpg/v1/fill/w_500,h_500,al_c,q_80,enc_avif,quality_auto/b0e3bb_764c31a8caee4f55a367de309d214909~mv2.jpg",https://www.bioethicpharma.com.py/storage/thumbnails/-storage-imagenes-Areas-terapeuticas-trasplante-micofelonato.png,https://vidafarmacias.com/636-large_default/myfortic-de-360-mg-caja-con-120-tabletas-de-liberacion-retardada-acido-micofenolico.jpg
miglustate,https://precopopular.vtexassets.com/arquivos/ids/228239/rotulo_pp_receita.jpg.jpg?v=638778944099570000,https://eltonfernandes.com.br/uploads/pagina/pagina/2024/06/I2WMyLg9fRwyMV1m/miglustate-capa_400x400.jpg,https://img.freepik.com/vetores-premium/design-de-modelo-de-corte-e-embalagem-de-caixa-modelo-de-design-de-caixa-de-medicamento-para-xarope-de-colirio-de-medicamento_780351-414.jpg?w=900,https://img.freepik.com/psd-premium/modelo-de-caixa-de-comprimidos_173079-762.jpg
morfina,https://laboratorioscatedral.com.py/wp-content/uploads/morfina-60x30comp_800x800-2-jpg.webp,https://www.catena.ro/assets/uploads/product_images/20656-5388.jpg,https://laboratorioscatedral.com.py/wp-content/uploads/2019/11/MORFINA_CAJA-X-1-AMPOLLA-X-1-ML-768x768.jpg,https://denverfarma.com.ar/wp-content/uploads/2023/07/Morfina-iny-1-1030x540.jpg
morfina de liberação controlada,https://laboratorioscatedral.com.py/wp-content/uploads/morfina-60x30comp_800x800-2-jpg.webp,https://media.istockphoto.com/id/959407102/pt/foto/morphine.jpg?s=612x612&w=0&k=20&c=TmbfHaobJmJcjaSASIZNYFqW1MrlsYuuC3sDXuOc4zc=,https://denverfarma.com.ar/wp-content/uploads/2023/07/Morfina-iny-1-1030x540.jpg,https://farmaconde.vtexassets.com/arquivos/ids/175246/artrosil-320mg-caixa-10-capsulas-de-liberacao-prolongada-896720-7896658008122.jpg?v=638199229791700000
naproxeno,https://uploads.consultaremedios.com.br/product_variation_images/full/0159d7cf36befc62578bf741e760ca3c2b9937e4.jpg?1661878813,https://farmaconde.vtexassets.com/arquivos/ids/200941-800-800?v=638224374339870000&width=800&height=800&aspect=true,https://hapvidab2c.vtexassets.com/arquivos/ids/219946/image-299e9652688d4d7c9580cf87d5a50ec7.jpg?v=638628183295030000,https://nexodata.vtexassets.com/arquivos/ids/314539/Naproxeno+500mg+Comprimido+Simples+-+Caixa+com+20+Comprimidos.png?v=638997936435370000
natalizumabe,https://1.bp.blogspot.com/-5DJnQZMmKM8/XrrnMAP5PpI/AAAAAAAAFTk/_yIYuymJavwWlIVIKc_Sc2ULoBPYPxqdQCNcBGAsYHQ/s1600/embalagem-natalizumabe.jpg,https://images.tcdn.com.br/img/img_prod/1205595/tysabri_20mgml_natalizumabe_caixa_com_1_frasco_amp_1_20250813105635_aaf5c924a533.png,https://images.tcdn.com.br/img/img_prod/1164379/tysabri_20mg_ml_natalizumabe_biogen_caixa_com_1_frasco_ampola_15ml_de_solucao_concentrada_de_uso_uni_1015_1_5b9425454bf2ff3fa45eb1509abea4c7.png,https://1.bp.blogspot.com/-m1b4l4qPXHc/XmziyrKK2eI/AAAAAAAAFH4/Rpf8b3NfKjgbRl3k9xunV8obfM0leHiQQCNcBGAsYHQ/s1600/natalizumabe.png
nusinersena,https://sites.uel.br/ccs/wp-content/uploads/2024/03/image-3.png,https://diaadiaes.com.br/wp-content/uploads/2021/08/Nusinersena-05-08.jpeg,https://www.inovafarma.com.br/blog/wp-content/uploads/2021/04/medicamento-tarja-vermelha.jpg,https://img.freepik.com/vetores-premium/modelo-de-embalagem-para-colirio-de-medicamento-design-de-pacote-embalagem-de-caixa-design-de-modelo-recortado_780351-376.jpg?w=2000
octreotida,https://kalanfarmacia.com.mx/wp-content/uploads/2024/05/Octreotida-1-mg.jpg,https://botplusweb.farmaceuticos.com/Documentos/AEMPS/Fotos/228833/full/69525_materialas.jpg,https://vicamedic.com/wp-content/uploads/2023/06/octreotida-solucion-inyectable-1mg-5m-800x800.jpg,https://nomenclator.org/img/envase.1200/octreotida-gp-pharm-50-microgramos.jpg
octreotida lar,https://kalanfarmacia.com.mx/wp-content/uploads/2024/05/Octreotida-1-mg.jpg,http://farmaciasantarita.mx/cdn/shop/files/Sandostatina-Lar-20mg-octreotida_1200x1200.jpg?v=1711562144,https://vicamedic.com/wp-content/uploads/2023/06/octreotida-solucion-inyectable-1mg-5m-800x800.jpg,http://egyptiandrugstore.com/image/cache/data/manar/sandostatin+30+lar-500x500.png
olanzapina,https://imagemasterspackaging.com/wp-content/uploads/2018/04/Embalagem_packaging_caixa_medicamentos_b-1300x1200.jpg,https://cdn-cosmos.bluesoft.com.br/products/7891317484330,https://nexodata.vtexassets.com/arquivos/ids/193010/MEVO-mockup-tarja-vermelha-controle-especial-generico.jpg?v=638114784267930000,https://imgprd.martinsatacado.com.br/catalogoimg/294411/01_294411_01.jpg?v=100920225545&ims=1000x
pamidronato dissódico,https://beta.cruzverde.cl/dw/image/v2/BDPM_PRD/on/demandware.static/-/Sites-masterCatalog_Chile/default/dw93aee1d2/images/large/760245-aminomux-pamidronato-disodico-90-mg-1-ampolla-+-solvente.jpg?sw=1000&sh=1000,https://cdn.eurofarma.com.br/wp-content/uploads/2016/09/eurofarma-pamidronato-dissodico.png,https://uploads.health-root.com/wp-content/img/pt/interativo/pamidronato-dissdico-hospira.jpg,https://img.medicineh.com/img/drugs-medications/pamidronate-disodium-vial-4.jpg
pancreatina,https://www.doctor-online.com.ar/wp-content/uploads/que-medicamentos-contienen-pancreatina.webp,https://ascendlabs.cl/wp-content/uploads/2025/04/Pancreatina-25000-300-mg.jpg,https://images.tcdn.com.br/img/img_prod/1063102/pancreatina_capsulas_com_revestimento_enterico_125245310_1_d14d5a856e20d7d933f78c958e9a9757.png,https://invictusmanipulacao.com.br/wp-content/uploads/2025/01/Pancreatina.png
paricalcitol,https://botplusweb.farmaceuticos.com/Documentos/AEMPS/Fotos/291262/full/78812_materialas.jpg,https://www.drugs.com/pro/images/2b7c7587-2042-0d9c-e054-00144ff88e88/paricalcitol-inj-5-mcg-per-ml-carton.jpg,https://botplusweb.farmaceuticos.com/Documentos/AEMPS/Fotos/297550/full/78790_materialas_1.jpg,https://sep.yimg.com/ay/yhst-12533177228474/paricalcitol-1mcg-30-capsules-pack-brand-name-zemplar-1mcg-teva-00093765656-22.gif
penicilamina,https://farmaciainformativa.com/wp-content/uploads/2018/05/penicilina-27-1024x896.jpg,https://redantidotos.org/wp-content/uploads/2018/04/D-penicilamina-I.jpg,https://farmaceuticodigital.com/wp-content/uploads/2020/11/Caixa-medicamento.png,https://cdn-images.rtp.pt/icm/noticias/images/fe/feb91511a787616fd50e6854e0cf5cc1_N.jpg?w=1200&q=90&auto=format
piridostigmina,https://cdnx.jumpseller.com/todofarma-cl/image/62436708/resize/1200/1200?1744568863,http://farmaciaelquimico.cl/cdn/shop/files/piridosrigmina.jpg?v=1748876063,https://ecofarma.co/wp-content/uploads/2024/11/PIRIDOSTIGMINA-60MG-TB-CX20.webp,https://heka.mx/wp-content/uploads/1970/01/piridostigmina-330x330.jpg
pramipexol,https://botplusweb.farmaceuticos.com/Documentos/AEMPS/Fotos/230960/full/70733_materialas.jpg,https://vidafarmacias.com/5651-large_default/pramipexol-de-05-mg-caja-con-30-tabletas-pramipaxol.jpg,https://i5.walmartimages.com.mx/mg/gm/3pp/asr/7c14d6ae-ba02-4549-9db4-eb62da79e85e.139cc1015bb33bf8fb6dcf30375c542b.jpeg?odnHeight=2000&odnWidth=2000&odnBg=ffffff,https://beta.cruzverde.cl/on/demandware.static/-/Sites-masterCatalog_Chile/default/dwb0334e8b/images/large/294137-praxis-pramipexol-75-mg-30-comprimidos.jpg
pravastatina,https://droxicolprd.vtexassets.com/arquivos/ids/165280/pravastatina-20-mg-caja-x-10-tabletas-genfar-15203-9852.jpg?v=638787072187170000,https://cdn-cosmos.bluesoft.com.br/products/7896422519175,https://coopidrogas.vtexassets.com/arquivos/ids/36816585-800-800?v=638413422180870000&width=800&height=800&aspect=true,https://i5.walmartimages.com.mx/gr/images/product-images/img_large/00750149386984L.jpg?odnHeight=612&odnWidth=612&odnBg=FFFFFF
primidona,https://www.laboratoriochile.cl/wp-content/uploads/2019/03/Primidona_250MG_50C_HD.jpg,https://prixz.com/salud/wp-content/uploads/2020/12/78CF4F77-7822-4B7E-A111-CF0F1D2B2AF0.png,https://cdn.shopify.com/s/files/1/0024/6058/1940/products/primidona-250-mg-x-50-comp-ley-cenabast-lab-chile-118263_1024x1024.jpg?v=1656604162,https://farmaciasdeldrsimicl.vtexassets.com/arquivos/ids/155964-150-auto?v=637964771818200000&width=150&height=auto&aspect=true
quetiapina,https://beta.cruzverde.cl/on/demandware.static/-/Sites-masterCatalog_Chile/default/dw83a70ac0/images/large/274684-quetiapina-bioequivalente-comprimido-recubierto-30-unidades-quetiapina-25-mg.jpg,https://sanorim.mx/cdn/shop/files/quetiapina.png?v=1715793194,https://www.farmaciasahumada.cl/dw/image/v2/BJVH_PRD/on/demandware.static/-/Sites-ahumada-master-catalog/default/dwaedd25a5/images/products/92675/92675.jpg?sw=525&sh=525&sm=fit,https://cdn-cosmos.bluesoft.com.br/products/7891317134303
raloxifeno,https://sanorim.mx/cdn/shop/files/MELI11-2024-06-26T103234.436.png?v=1719422137&width=1946,https://prixz.com/salud/wp-content/uploads/2020/10/raloxifeno.jpg,https://www.chocholandia.com/cdn/shop/products/MP689-MP689-2_1024x1024.jpg?v=1672677659,https://http2.mlstatic.com/D_NQ_NP_842571-MLM88107007725_072025-O.webp
rasagilina,https://botplusweb.farmaceuticos.com/Documentos/AEMPS/Fotos/398063/full/81044_materialas.jpg,https://nomenclator.org/img/envase.900/rasagilina-stada-1-mg-comprimidos.jpg,https://farmaciainformativa.com/wp-content/uploads/2019/01/Rasagilina00.jpg,https://www.pmfarma.com/noticias/noticias/41796/image/1.jpg
riluzol,https://eticos.com.py/wp-content/uploads/2023/11/Riluzol-caja.jpg,https://cdn.shop-apotheke.com/images/D13/346/579/D13346579-p10.jpg,https://pt.everyone.org/media/catalog/product/cache/2a34eb77126804374f02a711ff91db55/r/i/riluzol.jpg,https://cdn.shop-apotheke.com/images/840x0/D13/346/579/D13346579-p11.jpg
risanquizumabe,https://i.ytimg.com/vi/hyFH2SkRxOA/maxresdefault.jpg,https://pfarma.com.br/images/noticias/skyrizi-risanquizumabe.jpg,https://www.paschoalinberger.adv.br/upload/blog/9eVuKc7tpc1uQnakQavF7R8gSpd95pSAOMFgPWRa.jpeg,https://lojavirtual.oncoexpress.com.br/caixasremedio/tipo1.png
risdiplam,https://imgv2-1-f.scribdassets.com/img/document/533594000/original/249e0c0615/1711403691?v=1,https://www.medicinesfaq.com/media/png/risdiplam.png,https://dengyuemed.com/wp-content/uploads/2024/12/risdiplam-oral-solution-300x300.webp,https://5.imimg.com/data5/SELLER/Default/2025/10/552465515/PD/SN/TL/252773757/risdiplam-oral-solution-1000x1000.jpeg
risedronato,https://imgprd.martinsatacado.com.br/catalogoimg/264587/01_264587_01.jpg?v=100920225032;ims=1000x,https://cdn-cosmos.bluesoft.com.br/products/7896004728667,https://cdn-cosmos.bluesoft.com.br/products/7894916512565,https://nomenclator.org/img/envase.900/risedronato-semanal-cinfa-35-mg.jpg
risperidona,https://cdn-cosmos.bluesoft.com.br/products/7891317448677,https://cdn-cosmos.bluesoft.com.br/products/7896422504089,https://cdn-cosmos.bluesoft.com.br/products/7896676433678,https://cdn-cosmos.bluesoft.com.br/products/7897595611437
rituximabe,https://1.bp.blogspot.com/-XZuCMilnTz8/YW7G2F1TU6I/AAAAAAAAGLU/V6q2FYwon4E45IgS07fnm3XzEQkuuVAsQCNcBGAsYHQ/s400/rituximabe-esclerose.png,https://cdn.sanity.io/images/0vv8moc6/rheumatology/df29e92b1ae216ecc5c1aa1780aa45501f343f2a-8400x5400.jpg,https://images.tcdn.com.br/img/img_prod/1164379/riximyo_100mg_caixa_com_2_frascos_com_10ml_de_solucao_de_uso_intravenovo_10mg_ml_859_1_bdc754dd6ba7ac4dea4234f5afdd3fce.png,https://lojavirtual.oncoexpress.com.br/caixasremedio/tipo1.png
rivastigmina,https://botplusweb.farmaceuticos.com/Documentos/AEMPS/Fotos/266097/full/09599007_materialas_1_2.jpg,https://botplusweb.farmaceuticos.com/Documentos/AEMPS/Fotos/392660/full/82916_materialas.jpg,https://botplusweb.farmaceuticos.com/Documentos/AEMPS/Fotos/269131/full/72976_materialas.jpg,https://botplusweb.farmaceuticos.com/Documentos/AEMPS/Fotos/266098/full/09599010_materialas_1_2.jpg
romosozumabe,https://imagemasterspackaging.com/wp-content/uploads/2018/04/Embalagem_packaging_caixa_medicamentos_b-1300x1200.jpg,https://imgv2-2-f.scribdassets.com/img/document/756667874/original/625b4ccf02/1?v=1,https://img.freepik.com/psd-premium/maquete-de-caixa-de-papelao-medica-para-maquete-de-caixa-de-embalagem-de-medicamentos-farmaceuticos_669874-713.jpg?w=1060,https://img.freepik.com/vetores-premium/modelo-de-embalagem-de-design-de-caixa-para-design-de-caixa-de-medicamento-de-produto_780351-367.jpg?w=2000
sacubitril,https://americanas.vtexassets.com/arquivos/ids/1015323/7511641051_4_xlarge.jpg?v=638750902429770000,https://americanas.vtexassets.com/arquivos/ids/7534780/5924203844_4_xlarge.jpg?v=638751762188430000,https://imgv2-2-f.scribdassets.com/img/document/756667874/original/625b4ccf02/1?v=1,https://americanas.vtexassets.com/arquivos/ids/19001121/25752106_10_xlarge.jpg?v=638754912342200000
salmeterol,https://americanas.vtexassets.com/arquivos/ids/1015323/7511641051_4_xlarge.jpg?v=638750902429770000,https://imgv2-2-f.scribdassets.com/img/document/756667874/original/625b4ccf02/1?v=1,https://image.freepik.com/vetores-gratis/embalagem-de-caixa-de-medicamento-com-comprimidos-e-capsulas_25030-37885.jpg,https://farmasmart.com/images/banners/home/mobile_03.webp
secuquinumabe,https://imagemasterspackaging.com/wp-content/uploads/2018/04/Embalagem_packaging_caixa_medicamentos_b-1300x1200.jpg,https://americanas.vtexassets.com/arquivos/ids/1015323/7511641051_4_xlarge.jpg?v=638750902429770000,https://i.pinimg.com/736x/33/a7/f1/33a7f1c4e9610d17beea02a6f3cd6f83.jpg,https://imgv2-2-f.scribdassets.com/img/document/756667874/original/625b4ccf02/1?v=1
selegilina,https://1.bp.blogspot.com/-jBdHrJ5SrxI/WDd64_mwLeI/AAAAAAAAACs/Q_hT4ZRvVbI5E2YqE-_K7nCERdK6DRKhQCLcB/s1600/selegil.png,https://www.pesquisemedicamentos.com.br/uploads/_thumb/medicamentos/cl+selegil+5mg+30cpr+gen+biosint.jpg,https://images.rappi.cl/products/2092395202-1646438918250.jpg?e=webp&d=900x750&q=30,https://dcuk1cxrnzjkh.cloudfront.net/imagesproducto/033705M.jpg
selexipague,https://farmaceuticodigital.com/wp-content/uploads/2020/11/Caixa-medicamento.png,https://www.inovafarma.com.br/blog/wp-content/uploads/2021/04/medicamento-tarja-vermelha.jpg,https://img.freepik.com/vetores-premium/modelo-de-embalagem-de-design-de-caixa-para-design-de-caixa-de-medicamento-de-produto_780351-367.jpg,https://img.freepik.com/vetores-premium/modelo-de-embalagem-para-colirio-de-medicamento-design-de-pacote-embalagem-de-caixa-design-de-modelo-recortado_780351-376.jpg
sevelâmer,https://www.far.fiocruz.br/wp-content/uploads/2018/12/Sevelamer-FrascoCartucho_SibeleCamargo.jpg,https://tajgenerics.com/wp-content/uploads/Sevelamer-carbonate-800mg-film-coated-tablets-5.jpg,https://www.inovafarma.com.br/blog/wp-content/uploads/2021/04/medicamento-tarja-vermelha.jpg,https://cdn.awsli.com.br/2500x2500/2475/2475729/produto/400088370/06d4957ebf987dd2c57b008e1c0392a0-zrwloeaj13.jpg
sildenafila,https://blogger.googleusercontent.com/img/b/R29vZ2xl/AVvXsEhYp_1njuK99p0MV9rsBiB56DNK3jAEyx5vykTm8EG-_0VbpIQ-bC5TocZ9mZPq5MllGSLmnuaIhhxa5cUIV3aaXvDS9lWEbc4MJsiFp7krXKTo9747lEMA58KI1O-Tuz7DhQquO5zOAR9wAqY_pjey-8mMkXg41webNBy-8mxkqGKswfR12S1rbSeXZ2gz/w1600/A69AE7F9-8D85-42BD-8CBF-760D6B4858DF.webp,https://cdn-cosmos.bluesoft.com.br/products/7896004728490,https://images.tcdn.com.br/img/img_prod/740081/sildenafila_50_mg_4_cp_neo_3763_1_b87d51e351015472d2d334bfe7566987.jpg,https://cdn-cosmos.bluesoft.com.br/products/7899095237032
sirolimo,https://cdn.awsli.com.br/600x700/476/476175/produto/225698457/imagem-padr-o-medicamentos-cste532tub.jpg,https://www.inovafarma.com.br/blog/wp-content/uploads/2021/04/medicamento-tarja-vermelha.jpg,https://images.tcdn.com.br/img/img_prod/707730/180_rapamune_sirolimo_1mg_caixa_com_60_drageas_2499_1_2095119ab6d367724eb3181ddfb94f52.png,https://uploads.consultaremedios.com.br/ckeditor_assets/pictures/5c338513c4364a0023f841ff/original_Reacoes-Adversas-Sirolimo-Consulta-Remedios.3.PNG?1546880274
somatropina,https://www.jornaldosudoeste.com/wp-content/uploads/2022/01/Somatropina-Bio-Manguinhos.jpg,https://guiadafarmacia.com.br/wp-content/uploads/2022/02/Somatropina-Bio-Manguinhos.jpg,https://setorsaude.com.br/wp-content/uploads/2022/03/Somatropina-passa-a-ser-distribuída-no-SUS-com-embalagem-de-Bio-Manguinhos.jpg,"https://static.wixstatic.com/media/a1046e_4d65c3d3d6284078941553e696d3a943~mv2.jpg/v1/fit/w_500,h_500,q_90/file.jpg"
sulfassalazina,https://www.farmaciascurie.cl/cdn/shop/files/sulfasalazina.png?v=1734395021,https://i.ytimg.com/vi/lm3YkqB5fHM/maxresdefault.jpg,https://cdn.awsli.com.br/2500x2500/2475/2475729/produto/400090597/9313ba329882aa961d4b5774ef44cb7a-24h0bqj3dh.jpg,https://cdn.awsli.com.br/600x450/2475/2475729/produto/400089058/f34d7d620dd01a4365be60f2af571eff-hj683wn8yy.jpg
suplemento hipercalórico,https://http2.mlstatic.com/D_NQ_NP_650904-MLB31358190113_072019-O.webp,https://http2.mlstatic.com/D_NQ_NP_665218-MLB45274742348_032021-O.jpg,https://images.surferseo.art/c8f83d76-7369-4dff-b5ad-7899db1a13f2.webp,https://http2.mlstatic.com/D_NQ_NP_2X_965525-MLB32211556508_092019-F.jpg
tacrolimo,https://imgv2-2-f.scribdassets.com/img/document/756667874/original/625b4ccf02/1?v=1,https://remediobarato.com/img/novorb.png,https://progoodsmedicamentos.fbitsstatic.net/img/p/prograf-tacrolimo-5mg-caixa-com-50-capsulas-duras-70368/256882-1.jpg?w=520&h=520&v=no-change&qs=ignore,https://alquimianet.com.br/wp-content/uploads/2023/12/tacrolimus-tacrolimo-monohidratado.jpg
tafamidis meglumina,https://southdelhipharma.com/wp-content/uploads/2024/06/vyndaqel-tafamidis.jpg,https://5.imimg.com/data5/SELLER/Default/2022/11/MM/NB/PS/180171312/vyndaqel-tafamidis-meglumine-capsule-jpg-1000x1000.jpg,https://healthcareasiapac.com/wp-content/uploads/2019/05/Pfizer_tafamidis_meglumine_Vyndaqel_box-.jpg,https://fda.report/DailyMed/417238d2-98dd-47b4-95c5-5c06dc3702dc/vyndaqel-01.jpg
teriflunomida,https://isanidad.com/wp-content/uploads/2024/09/teriflunomida-esclerosis-multiple-recurrente-remitente.png,https://tufarmaceuticodeguardia.org/wp-content/uploads/2017/07/aubagio-768x1024.jpg,https://nomenclator.org/img/envase.600/teriflunomida-sandoz-14-mg-comprimidos.jpg,https://nomenclator.org/img/envase.900/teriflunomida-dr-reddys-14-mg.jpg
ticlopidina,https://botplusweb.farmaceuticos.com/Documentos/AEMPS/Fotos/107471/full/63680_materialas.jpg,https://www.researchgate.net/publication/276381875/figure/fig6/AS:667898578210832@1536250838423/Figura-3-Presentacion-comercial-de-la-ticlopidina.png,https://static.fogliettoillustrativo.net/ws/b/ticlopidina-eg-30cpr-riv-250mg.jpg,https://santaluciadrogaria.vtexassets.com/arquivos/ids/157747-800-auto?v=637637997929870000&width=800&height=auto&aspect=true
tobramicina,https://pedidook.s3-sa-east-1.amazonaws.com/134139/produto/foto_27614796.jpg?nocache=2023050310500572073,https://nomenclator.org/img/envase.1200/tobramicina-normon-50-mg-2.1.jpg,https://farmaciatudecision.cl/wp-content/uploads/2025/05/Tobramicina-03-Solucion-Oftalmica-5-mL-scaled.png,https://www.farmalisto.cl/2959-large_default/tobramicina-soft03-5m-varios.jpg
tocilizumabe,https://cdnx.artritereumatoide.blog.br/wp-content/uploads/2022/09/ge-65.png,https://www.federassantas.org.br/novosite/wp-content/uploads/2023/01/Antes-da-sua-homologacao-pela-FDA-o-anticorpo-monoclonal-intravenoso-foi-usado-nos-EUA-com-base-em-uma-aprovacao-de-emergencia-concedida-em-junho-de-2021.png,https://images.tcdn.com.br/img/img_prod/1205595/actemra_200mg_10ml_tocilizumabe_caixa_com_1_frasco_ampola_de_solucao_para_infusao_intravenosa_com_ca_1471_1_d955f4d541b1a17ba5d14afc11dc878d.png,https://artritereumatoide.blog.br/wp-content/uploads/2022/03/Blogar-15-750x375.jpg
tofacitinibe,https://agencia.fiocruz.br/sites/agencia.fiocruz.br/files/inline-images/Tofacitinibe_Lean+Morgado_m.jpg,https://images.tcdn.com.br/img/img_prod/707730/xeljanz_citrato_de_tofacitinibe_5mg_caixa_com_60_comprimidos_revestidos_2665_1_026aaf643dd69feee715339800b19db5.png,https://images.tcdn.com.br/img/img_prod/1063102/tofacitinibe_5_20251113094551_73f248fc39a1.png,https://aprazeram.com/images/tild6230-3761-4065-b866-636232383563__tofamark-jpg.png
topiramato,https://cdn-cosmos.bluesoft.com.br/products/7891317434335,https://cdn-cosmos.bluesoft.com.br/products/7896004713014,https://imgprd.martinsatacado.com.br/catalogoimg/293675/01_293675_01.jpg?v=100920224108&ims=1000x,https://www.puntofarma.com.py/imagenes/public/images/amato-25-.jpg-61816.webp
trientina,https://imagemasterspackaging.com/wp-content/uploads/2018/04/Embalagem_packaging_caixa_medicamentos_a.jpg,https://americanas.vtexassets.com/arquivos/ids/1015323/7511641051_4_xlarge.jpg?v=638750902429770000,https://americanas.vtexassets.com/arquivos/ids/7534780/5924203844_4_xlarge.jpg?v=638751762188430000,https://imgv2-2-f.scribdassets.com/img/document/756667874/original/625b4ccf02/1?v=1
triexifenidil,https://americanas.vtexassets.com/arquivos/ids/7534780/5924203844_4_xlarge.jpg?v=638751762188430000,https://cf.shopee.com.br/file/d7216ccb2f06052a84f28e11dbc82410,https://artecat.com.br/wp-content/uploads/2023/11/Caixa-de-Remedio-3D-2.jpg,https://img.elo7.com.br/product/zoom/44E4F3A/caixa-remedios-farmacinha-remedios-do-bebe.jpg
triptorrelina,https://www.cliquefarma.com.br/cdn-cgi/imagedelivery/HWe2hc9laId8jMwJ0Cw8sw/TarjaVermelha.png/standard,https://images.tcdn.com.br/img/img_prod/707730/neo_decapeptyl_lp_embonato_de_triptorrelina_22_5mg_caixa_contendo_1_frasco_ampola_com_po_para_suspen_2427_1_6f538da3187d7167e3085441a2032876.png,https://product-data.raiadrogasil.io/images/1279809.webp?width=450&height=450&quality=85&type=resize,https://drogariacatarinense.vteximg.com.br/arquivos/ids/221647-800-800/rotulo_dc_receita.jpg?v=638688464810270000
upadacitinibe,https://imgv2-2-f.scribdassets.com/img/document/756667874/original/625b4ccf02/1?v=1,https://down-br.img.susercontent.com/file/cn-11134208-7r98o-lvx5f16pdj5xe0,https://www.eltonfernandes.com.br/uploads/tinymce/uploads/6/upadacitinibe-plano-de-saude_freepik-foto-1-_1_.webp,https://www.eltonfernandes.com.br/uploads/pagina/pagina/2022/05/a2MP98p2vmBUfrBd/upadacitinibe-plano-de-saude-freepik-foto-2--1-_400x400.webp
ustequinumabe,https://images.tcdn.com.br/img/img_prod/1205595/wezenla_5mg_ml_ustequinumabe_caixa_com_1_frasco_ampola_com_26ml_de_solucao_de_uso_intravenoso_130mg_1475_1_d955f4d541b1a17ba5d14afc11dc878d.png,https://image.tuasaude.com/media/article/li/pf/stelara-ustequinumabe_16410_l.jpg,https://remediopara.com.br/wp-content/uploads/2023/06/tratamento-com-ustequinumabe-par.jpg,https://d20ohkaloyme4g.cloudfront.net/img/document_thumbnails/23eb149c5ed44f6c7ed8d6d6cf2bcf65/thumb_1200_1553.png
vedolizumabe,https://gabrielbergamo.com/wp-content/uploads/2025/06/Entyvio-pelo-plano-de-saude.png,https://www.rosenbaum.adv.br/wp-content/uploads/2021/02/entyvio®-vedolizumabe-pelo-plano-de-saude-2-768x286.jpg,https://cdn.awsli.com.br/600x450/1744/1744611/produto/103830775/ce8771ca64.jpg,https://nudii.com.br/wp-content/uploads/2024/09/nudii-medicamento-Vedolizumabe-mobile-2-copiar.webp
vigabatrina,https://res.cloudinary.com/prixz/image/upload/w_500/q_auto/f_auto/items/7502216934900.webp,https://ecofarma.co/wp-content/uploads/2024/11/R-SABRIL-500MG-CX60-TB-VIGABATRINA-SANOFI-1.webp,https://http2.mlstatic.com/D_NQ_NP_846437-MLM83799794609_042025-O-vigabatrina-randall-c60-tabs-500-mg.webp,https://mercadofarma.com.mx/cdn/shop/files/D_807430-MLM88192680421_072025-B.jpg?v=1752867396&width=1445
ziprasidona,https://http2.mlstatic.com/D_NQ_NP_930468-MLM85058339680_052025-O.webp,https://nomenclator.org/img/envase.900/ziprasidona-sandoz-60-mg-capsulas.jpg,https://beta.cruzverde.cl/on/demandware.static/-/Sites-masterCatalog_Chile/default/dwaaa28111/images/large/22181-zeldox-ziprasidona-20-mg-30-capsulas.jpg,https://botplusweb.farmaceuticos.com/Documentos/AEMPS/Fotos/267449/full/76531_materialas.jpg
