id,nome,imagem1,imagem2,imagem3,imagem4
114,abatacepte,https://americanas.vtexassets.com/arquivos/ids/1015323/7511641051_4_xlarge.jpg?v=638750902429770000,https://image.freepik.com/vetores-gratis/embalagem-de-caixa-de-medicamento-com-comprimidos-e-capsulas_25030-37885.jpg,https://cdn.awsli.com.br/2500x2500/1628/1628468/produto/254025653/pxtab-150g-caixa-para-tablete-barra-150g-bwb-embalagem-de-acetato-acetplace2-ob3cxzmhhx.jpg,https://cdn.awsli.com.br/2500x2500/1628/1628468/produto/254025653/pxtab-150g-caixa-para-tablete-barra-150g-bwb-embalagem-de-acetato-acetplace3-c83bn0j0yi.jpg
217,acetazolamida,https://www.belgochilena.cl/wp-content/uploads/2023/05/0000128.jpg,https://www.plmconnection.com/plmservices/PharmaSearchEngine/Colombia/DEF/SIDEF/400x400/colmed_acetazolamida.png,https://kronoslaboratorios.com/wp-content/uploads/2023/03/kronospicture-26-768x513.jpg,https://coopidrogas.vtexassets.com/arquivos/ids/36831727/acetazolamida-250-mg-30-tabletas-pc.jpg?v=638413494875670000
146,ácido nicotínico,https://images.tcdn.com.br/img/img_prod/745294/acido_nicotinico_vitamina_b3_500mg_60_capsulas_23452_1_827b4bfad1c06f82094fdc7600129e14.jpg,https://images.tcdn.com.br/img/img_prod/745294/acido_nicotinico_vitamina_b3_500mg_60_capsulas_23452_2_d2b19075a484e596873ab268c73d932b.jpg,https://ecofarma.co/wp-content/uploads/2024/11/ACIDO-NICOTINICO-100MG-FX100-TBLABORATORIOS-ECAR-600x600.webp,https://http2.mlstatic.com/D_NQ_NP_750594-MLU72148787322_102023-O.webp
138,ácido ursodesoxicólico,https://www.doctor-online.com.ar/wp-content/uploads/que-es-y-para-que-sirve-el-acido-ursodesoxicolico.webp,https://ecofarma.co/wp-content/uploads/2025/03/Ursacol-Acido-Ursodesoxicolico-300-Mg-X-20-Tabl_1.jpg,https://www.puntofarma.com.py/imagenes/public/images/Dexo-300-Acido-Ursodesoxicolico-300-mg-Caja-de-20-comprimidos-43198.webp,https://d1jgmae0hcnr1i.cloudfront.net/Custom/Content/Products/26/87/268793_acido-ursodesoxicolico-300mg-c-30comprimidos-p149624_m1_638826393625670309.webp
165,ácido zoledrônico,https://images.tcdn.com.br/img/img_prod/707730/aclasta_cido_zoledrnico_5mg100ml_caixa_com_1_frasc_1_20251210152140_97703ac208bb.jpg,https://cr-net-public-staging.s3.amazonaws.com/pharmaceutic_form/6424187966D7FC4A49300618DE3DB24D.99a0e027-c195-49b0-859e-ff556644ba03,https://www.ablbrasil.com.br/wp-content/uploads/2022/09/Acido-zoledronico-01-2-1280x1279.png,https://drogariacatarinense.vtexassets.com/arquivos/ids/181997/rotulo_dc_generico_receita.jpg?v=637853697988830000
224,acitretina,https://down-br.img.susercontent.com/file/sg-11134205-7rdxb-lz8u3ayc7fuu0d,https://img.freepik.com/fotos-premium/modelo-de-embalagem-de-caixa-de-medicamentos-em-branco-em-superficie-branca_800847-2243.jpg,https://images.yampi.me/assets/stores/design-global2/uploads/images/caixa-em-acrilico-organizadora-de-remedios-e-medicamentos-662ab882cd4fa-large.jpg,https://static3.depositphotos.com/1000165/214/i/450/depositphotos_2143890-stock-photo-box-of-the-pills.jpg
115,adalimumabe,https://goias.gov.br/saude/wp-content/uploads/sites/34/2024/08/23.08-Adalimumabe.jpeg,https://www.mundoboaforma.com.br/wp-content/uploads/2023/05/adalimumabe.webp,https://nudii.com.br/wp-content/uploads/2024/09/adalimumabe530x325px-copiar.webp,https://cdn.ribeirocavalcante.com.br/2025/01/adalimumabe-humira_-como-garantir-pelo-sus-ou-plano-de-saude-e-controlar-doencas-inflamatorias-cronicas-1024x576.webp
210,alfadornase,https://americanas.vtexassets.com/arquivos/ids/1015323/7511641051_4_xlarge.jpg?v=638750902429770000,https://americanas.vtexassets.com/arquivos/ids/7534780/5924203844_4_xlarge.jpg?v=638751762188430000,https://img.freepik.com/vetores-premium/modelo-de-embalagem-de-design-de-embalagem-para-ilustracao-de-design-vetorial-de-produto-design-de-caixa-de-medicamento_780351-379.jpg?w=2000,https://img.freepik.com/vetores-premium/modelo-de-embalagem-de-design-de-embalagem-para-ilustracao-de-design-vetorial-de-produto-design-de-caixa-de-medicamento_780351-373.jpg?w=2000
109,alfaepoetina,https://images.tcdn.com.br/img/img_prod/707730/alfaepoetina_blau_40_000ui_ml_caixa_com_1_seringa_preenchida_com_1ml_de_solucao_de_uso_intravenoso_o_2065_1_6f538da3187d7167e3085441a2032876.png,https://images.tcdn.com.br/img/img_prod/1353418/alfaepoetina_4000_ui_sol_inj_fa_1_ml_60445_1_f69a07f5a1e632bc090fae6cd7124573.png,https://images.tcdn.com.br/img/img_prod/666884/180_alfaepoetina_4_000ui_caixa_com_1_frasco_ampola_com_1ml_de_solucao_de_uso_intravenoso_ou_subcutaneo_171_1_fd84a10b8c005cef36e47824f9f56e5f.jpg,https://img.irroba.com.br/filters:fill(transparent):quality(80)/sampharm/catalog/cx-nova.png
163,alfagalsidade,https://farmaceuticodigital.com/wp-content/uploads/2020/11/Caixa-medicamento.png,https://www.inovafarma.com.br/blog/wp-content/uploads/2021/04/medicamento-tarja-vermelha.jpg,https://img.freepik.com/vetores-premium/modelo-de-embalagem-de-design-de-embalagem-para-ilustracao-de-design-vetorial-de-produto-design-de-caixa-de-medicamento_780351-379.jpg?w=2000,https://img.freepik.com/vetores-premium/modelo-de-desenho-de-embalagem-de-caixa-de-papel_674604-287.jpg
218,alfainterferona,https://farmaciasbatres.com/SERV_ADMIN_FILES/Archivos/Imagenes/Articulos_MED/30178--40428_MED.png,https://alfob.org.br/wp-content/uploads/elementor/thumbs/download-ou7vp7n6onyv1ms872xj02w451g9q5uu6lz8djt540.jpg,https://www.inovafarma.com.br/blog/wp-content/uploads/2021/04/medicamento-tarja-vermelha.jpg,http://razonesdecuba.cu/wp-content/uploads/2020/03/infografxa-xenquxconsisteelmedicamentocubanointerferxn_-1080x1800-1.jpg_679944510-1-615x1024.jpg
236,alfavestronidase,https://www.inovafarma.com.br/blog/wp-content/uploads/2021/04/medicamento-tarja-vermelha.jpg,https://farmaceuticodigital.com/wp-content/uploads/2020/11/Caixa-medicamento-150x116.png,https://img.freepik.com/vetores-premium/modelo-de-embalagem-de-design-de-caixa-para-design-de-caixa-de-medicamento-de-produto_780351-367.jpg?w=1380,https://img.freepik.com/fotos-premium/farmaceutico-com-caixa-de-medicamentos-e-embalagem-de-capsulas_1077802-118759.jpg
168,amantadina,https://hstechnik-motorsport.com/wp-content/uploads/2024/11/amantadina-caja-807x760.jpg,https://www.doctor-online.com.ar/wp-content/uploads/que-es-y-para-que-sirve-la-amantadina-1.webp,http://dcdn-us.mitiendanube.com/stores/005/222/688/products/photoroom_20250121_113246a-m-13b3597abf41b48ff317374807884858-640-0.jpeg,https://www.codigoqro.mx/wp-content/uploads/2020/07/Amantadina.png?v=20241204001745
220,ambrisentana,https://www.inovafarma.com.br/blog/wp-content/uploads/2021/04/medicamento-tarja-vermelha.jpg,https://uploads.consultaremedios.com.br/ckeditor_assets/pictures/604b9ff8d2c3e600212e07c7/original_1.JPG?1615568888,https://img.freepik.com/fotos-premium/modelo-de-embalagem-de-caixa-de-medicamentos-em-branco-em-superficie-branca_800847-2257.jpg?w=1380,https://img.freepik.com/fotos-premium/modelo-de-embalagem-de-caixa-de-medicamentos-em-branco-em-superficie-branca_800847-2233.jpg
147,atorvastatina,https://www.24horas.cl/24horas/site/artic/20230425/imag/foto_0000000120230425150707.jpg,https://faesfarma.pt/wp-content/uploads/2023/04/atorvastatina-40-mg-packshot1.jpg,https://santaluciadrogaria.vtexassets.com/arquivos/ids/158460-800-auto?v=637638014269470000&width=800&height=auto&aspect=true,https://www.drogueriaetica.com/wp-content/uploads/2025/02/21963-800x534.jpg
126,azatioprina,https://biogenet.com.ec/wp-content/uploads/2022/03/Azatioprina_50_0001.png,https://beta.cruzverde.cl/on/demandware.static/-/Sites-masterCatalog_Chile/default/dw5973215f/images/large/287844-2-azatioprina-50-mg-100-comprimidos.jpg,http://farmaciatrinity.cl/wp-content/uploads/2025/05/foto-aza-2048x1365-1.jpg,https://beta.cruzverde.cl/on/demandware.static/-/Sites-masterCatalog_Chile/default/dw7381403b/images/large/287844-azatioprina-50-mg-100-comprimidos.jpg
127,baricitinibe,https://diariosulmaranhense.com.br/wp-content/uploads/2022/04/Baricitinib-medicamento-contra-covid-foto-ilustrativa-780x405.jpg,https://img.irroba.com.br/fit-in/600x600/filters:fill(transparent):quality(80)/sampharm/catalog/cx-nova.png,https://s2.glbimg.com/7rwzr0FKuQcNJdU77Si95SUEyCk=/1200x/smart/filters:cover():strip_icc()/i.s3.glbimg.com/v1/AUTH_59edd422c0c84a879bd37670ae4f538a/internal_photos/bs/2022/1/o/euvynLQmSCcYBMjgfTqg/olumiant.png,https://images.tcdn.com.br/img/img_prod/1164379/olumiant_4mg_cx_c_30_comp_41_1_8dc3bcbe46508ee1bfb475b13fcebcf1.png
198,betainterferona,https://img.freepik.com/vetores-premium/design-de-embalagem-design-de-caixa-modelo-de-embalagem-e-design-cortado-para-xarope-de-colirio-medicinal_780351-416.jpg?w=2000,https://img.freepik.com/vetores-premium/modelo-de-embalagem-de-design-de-caixa-para-design-de-caixa-de-medicamento-de-produto_780351-367.jpg?w=2000,https://img.freepik.com/psd-premium/pacote-blister-com-caixa-de-embalagem-maquete-caixa-de-medicamento-isolada-3d_158757-6351.jpg,https://img.freepik.com/vetores-premium/modelo-de-embalagem-de-design-de-embalagem-para-ilustracao-de-design-vetorial-de-produto-design-de-caixa-de-medicamento_780351-379.jpg?w=2000
140,biotina,https://cdn.awsli.com.br/2500x2500/2390/2390749/produto/271977167/7898714761088-1-wt4tyysov4.jpg,https://product-data.raiadrogasil.io/images/3790153.webp,https://http2.mlstatic.com/D_NQ_NP_810827-MLB82028309736_022025-O-kit-biotina-dose-maxima-com-5-caixas-de-60-capsulas-cada.webp,https://a-static.mlcdn.com.br/470x352/biotina-45mcg-60-comprimidos-2-caixas-arte-nativa/alissonbentodossantosme/a4634a681be711f083d742010a480843/886171c94be2fe23e6e170f96118fa01.jpeg
221,bosentana,https://aprazeram.com/images/tild3764-3836-4333-b236-643238386534__bosenzer125.png,"https://precopopular.vtexassets.com/arquivos/ids/234955/751420-bosentana-monoidratada-62,5mg-ranbaxy-60-comprimidos-generico-pp.jpg?v=638936476705500000",https://drogariasp.vteximg.com.br/arquivos/ids/962787-1000-1000/genericos-tarja-vermelha-em-comprimido-sao-paulo.jpg?v=638298019089100000,https://paguemenos.vtexassets.com/arquivos/ids/936646/Tarja-Vermelha-Generico.jpg?v=638635100876300000
169,bromocriptina,https://dcuk1cxrnzjkh.cloudfront.net/imagesproducto/431581L.jpg,https://cdn.quepadres.com/wp-content/uploads/2019/03/parlodel-Bromocriptina-1200-amp.jpg,https://cdn.quepadres.com/wp-content/uploads/2019/03/Bromocriptina.jpg,https://farmaperu.shop/wp-content/uploads/2025/06/bromocriptina-2-5mg-30t-1024x1024.webp
134,budesonida,https://imgv2-1-f.scribdassets.com/img/document/72974204/original/c28a06a7af/1709038089?v=1,https://image.tuasaude.com/media/article/tt/ei/budesonida_57271.jpg?width=686&height=487,https://americanas.vtexassets.com/arquivos/ids/7534780/5924203844_4_xlarge.jpg?v=638751762188430000,https://bulas.farmadelivery.com.br/wp-content/uploads/2022/02/bulas_farmadelivery_BUDESONIDA.jpg
250,burosumabe,https://s3-sa-east-1.amazonaws.com/agencia-radio-arb/3726/content_FD2ABFEE-B393-4719-945D-232CEE5187D7.jpeg,https://www.inovafarma.com.br/blog/wp-content/uploads/2021/04/medicamento-tarja-vermelha.jpg,https://img.freepik.com/vetores-premium/modelo-de-embalagem-de-design-de-caixa-para-design-de-caixa-de-medicamento-de-produto_780351-367.jpg?w=1380,https://farmaceuticodigital.com/wp-content/uploads/2020/11/Caixa-medicamento.png
105,cabergolina,https://d1jgmae0hcnr1i.cloudfront.net/Custom/Content/Products/14/65/146555_cabergolina-0-5mg-c-8cp-p140000_l1_638416944532007553.png,https://lh3.googleusercontent.com/MDWG--rTrRrr4-R5w-694BOigLMyNZASNW_biHY1q1agoLH1jN2AxiIdI-hqPT3QmBM07F-oAnr7jQ1I5To4zWfs0Q8v6EqGTEZN99oRJVtoKJj8,https://www.benavides.com.mx/media/catalog/product/cache/1e14d9bf4283b604380ef95a7c475a07/2/0/20240131_1046965.jpg,https://www.farmaciasespecializadas.com/media/catalog/product/cache/2031c741f7e965809b1df9e9ad67bd4c/2/1/21926.jpg
245,calcipotriol,https://cdn.shop-apotheke.com/images/400x0/D14/016/430/D14016430-p12.jpg,http://www.borg-pharma.com/wp-content/uploads/2014/12/Calcipotriol1.png,https://das.docmorris.de/catalog/images/ix/ps420/14016447-5.jpg,https://cdn.shop-apotheke.com/images/D06/312/232/D06312232-p14.jpg
166,calcitonina,https://www.apteka1.kiev.ua/images/products_image/pic_1003411.jpg,https://www.biolab-srl.it/wp-content/uploads/2021/01/Elecsys-Calcitonina-Cal-2x2x1-mL-06445861190-1.jpg,https://4.bp.blogspot.com/_rCHQzm_OAwc/TQ_Ia33rm-I/AAAAAAAAAHc/qDTHwpfdEUo/s1600/Miacalcic.jpg,https://i.ytimg.com/vi/riaPtooDy4w/maxresdefault.jpg
152,calcitriol,https://www.farmaciascurie.cl/cdn/shop/files/calcitriol-025-ug-x-100-capsulas-blandas-reutter.jpg?v=1729546465,https://www.drogueriascafam.com.co/56777-large_default/comprar-en-cafam-calcitriol-05-mcg-caja-con-30-capsulas-blandas-precio.jpg,https://unidrogas.vtexassets.com/arquivos/ids/363563/7703153021900.jpg?v=638248359803770000,https://beta1.cruzverde.com.co/dw/image/v2/BDPM_PRD/on/demandware.static/-/Sites-masterCatalog_Colombia/default/dw1c892e4d/images/large/97784-1-CALCITRIOL-0.5MCG-CAP-BLAND-CAJ-X-30-COLMED-OK.jpg?sw=1000&sh=1000
128,certolizumabe pegol,https://encontrar.org.br/wp-content/uploads/2022/03/grupar-13.jpg,https://cdn.awsli.com.br/2500x2500/1744/1744611/produto/108008097/d5f89f0e3c.jpg,https://nudii.com.br/wp-content/uploads/2024/09/nudii-medicamento-Certolizumabe-mobile-copiar.webp,https://dailymed.nlm.nih.gov/dailymed/image.cfm?name=cimzia-20.jpg&setid=b4c2c9dc-a0bb-4d64-a667-a67ebe88392d
111,ciclofosfamida,https://www.puntofarma.com.py/imagenes/public/images/242448-1.png-60711.webp,https://amfarmaceutica.com/wp-content/uploads/2024/07/CICLOFOSFAMIDA-1gr.jpg,https://kalanfarmacia.com.mx/wp-content/uploads/2024/03/Cyata-500-mg.jpg,http://3.bp.blogspot.com/-06UIEWY9OWQ/UM96UkXuArI/AAAAAAAAA6Y/9eat3JPdgAc/s1600/Ciclofosfamida_4d9602dfcd3c6.jpg
112,ciclosporina,https://beta.cruzverde.cl/on/demandware.static/-/Sites-masterCatalog_Chile/default/dwe9772397/images/large/760320-equoral-ciclosporina-a-100-mg-50-capsulas-de-gelatina-blanda.jpg,https://i.pinimg.com/736x/39/f8/1f/39f81fd179d0261a439ec854a4586e7e.jpg,https://cdn.sistemawbuy.com.br/arquivos/4527b6ed49ef0d714ee226dc130bfca0/produtos/667e9b834649e/ciclosporina-50mg-687ee534326b0_mini.jpg,https://3.bp.blogspot.com/-uUPuBzsunng/XJk3TP3_2MI/AAAAAAAAEQA/Fm6FXbNTVfE0Q3XfELb-u-uKe9NmfOX4ACEwYBhgL/s320/7.jpg
153,cinacalcete,https://www.diariodesevilla.es/2023/03/14/salud/investigacion-tecnologia/Caja-medicamento-cinacalcet-laboratorio-Normon_1774633128_179166592_1200x675.png,https://uploads.consultaremedios.com.br/generic/tarja-vermelha-generico450.webp,https://cr-net-public-staging.s3.amazonaws.com/pharmaceutic_form/CCD3ACE7664B813C95AF85FCA0C35908.4a6e0d05-28e0-449c-ae1e-f8bfecec2a0a,https://www.farmaciascurie.cl/cdn/shop/files/cinacalcet-60.webp?v=1731623570&width=1946
148,ciprofibrato,https://drogariacatarinense.vteximg.com.br/arquivos/ids/208939-1000-1000/747721.jpg?v=638502717069730000,https://beta.cruzverde.cl/dw/image/v2/BDPM_PRD/on/demandware.static/-/Sites-masterCatalog_Chile/default/dw25c3ae38/images/large/291267-2-ciprofibrato-100-mg-30-capsulas.jpg?sw=1000&sh=1000,https://c.repnautica.com/wp-content/uploads/2023/03/ciprofibrato.jpg,https://www.farmadon.com.ve/wp-content/uploads/2021/11/Ciprofibrato-100mg-x-30-Comprimidos-Neo-Quimica.jpg
253,ciproterona,https://image.tuasaude.com/media/article/ci/lv/ciproterona_59972.jpg,https://americanas.vtexassets.com/arquivos/ids/1015323/7511641051_4_xlarge.jpg?v=638750902429770000,https://www.medi.com.br/lojas/00036455/prod/cxmedicom.PNG,https://images.tcdn.com.br/img/img_prod/1063102/90_ciproterona_acetato_125237181_1_7d831c21ab35d09ace13fcc272a88c67.png
199,cladribina,https://bioethicpharma.com.py/storage/thumbnails/-storage-imagenes-Areas-terapeuticas-neurología-cladribina.png,https://panamfarma.com/wp-content/uploads/2024/08/Cladribine_10mg-10mL-3-1.png,https://nomenclator.org/img/envase.1200/mavenclad-10-mg-comprimidos-1.jpg,https://blogger.googleusercontent.com/img/b/R29vZ2xl/AVvXsEhpm5hhHOzp-2XrpQ4uFHDhX1pK8iut8YX-TYDRhKrXn3owhkJL-Y3QSijjiOrOFLYZtkGKpGclwF2H4kNKHWkq5ozUZ-_d2FNKbyvL8aSzRWUGPHA_hmvLK-n1BX80z2FukVYq7F-9se4/w400-h208-rw/cladribina-caixa.png
189,clobazam,https://imagemasterspackaging.com/wp-content/uploads/2018/04/Embalagem_packaging_caixa_medicamentos_a.jpg,https://www.actizapharma.com/wp-content/uploads/2024/01/clobazepam.jpg,https://www.actizapharma.com/wp-content/uploads/2024/01/clobazepam-20-1-600x600.jpg,http://shop.pharmacor.com.au/cdn/shop/files/Pharmacor_Clobazam_2D_b87ce253-fb2d-4fa1-b9bd-2bc03a692a9a.jpg?v=1733211037
246,clobetasol,https://santaluciadrogaria.vtexassets.com/arquivos/ids/156415/7896422505369.png?v=637637961899830000,https://www.doctor-online.com.ar/wp-content/uploads/cuantas-veces-se-aplica-el-clobetasol-propionato.webp,https://farmaciainformativa.com/wp-content/uploads/2018/08/Clobetasol-9-768x409.jpg,https://i.ytimg.com/vi/h3olnhtrF-g/maxresdefault.jpg?sqp=-oaymwEmCIAKENAF8quKqQMa8AEB-AH-CYAC0AWKAgwIABABGB8gJih_MA8=&rs=AOn4CLCdKt7QDhtQ0vbsMih1GmjG4pAF4A
190,clonazepam,https://e.drogasul.med.br/7189-large_default/gclonazepam-2-mg-30-cpr-p344.webp,https://i5.walmartimages.com/asr/069209f0-ea79-4493-88f8-3866a952898e.25403eca4bb454b52cf33679af7c250e.jpeg?odnHeight=612&odnWidth=612&odnBg=FFFFFF,https://cdn.prod.website-files.com/647e410aa35e6ce70fed96cd/65f84bb1e3623e9f8de1edea_afya-educacao-medica-bula-clonazepam.jpg,https://www.geolab.com.br/wp-content/uploads/2021/05/cartonagem-generica-tarja-preta-2-500x500-1-150x150.png
241,clopidogrel,https://americanas.vtexassets.com/arquivos/ids/1015323/7511641051_4_xlarge.jpg?v=638750902429770000,https://upload.wikimedia.org/wikipedia/commons/thumb/2/22/Risperdal_tablets.jpg/500px-Risperdal_tablets.jpg,https://www.afarmaciadeservico.com/images/product/clopidogrel.jpg,https://augustobene.com/wp-content/uploads/2024/08/CLOPIDOGREL.jpg
170,clozapina,https://botplusweb.farmaceuticos.com/Documentos/AEMPS/Fotos/402460/full/88020_materialas.jpg,https://botplusweb.farmaceuticos.com/Documentos/AEMPS/Fotos/402365/full/88017_materialas.jpg,https://botplusweb.farmaceuticos.com/Documentos/AEMPS/Fotos/402364/full/88019_materialas.jpg,https://www.bulasemedicamentos.com.br/wp-content/uploads/2017/11/clazapina-Custom.jpg
181,codeína,http://www.ub.edu/pharmakoteka/sites/default/files/3430_1.jpg,https://www.drogariaminasbrasil.com.br/static/version1758343324/frontend/GuedesEPaixao/drogariaminasbrasil/pt_BR/Magento_Catalog/images/product/placeholder/tarja-vermelha-generico-comprimidos.jpg,"https://eurofarmacdn.com/storage/etc/Fx5DdduP9ro18odayayWhwk0xPmvZpynniVodKJb.png?w1000,h1000,q80,mSCALE,vV3.jpg",https://farmaciaindiana.vtexassets.com/arquivos/ids/306301/MEDICAMENTO-TARJADO-PRETO.jpg?v=638451716754000000
113,danazol,https://bysprodstorage.blob.core.windows.net/images/23192.png,https://acdn-us.mitiendanube.com/stores/003/511/797/products/3-6-3e02f683bed999e86717395767754897-1024-1024.png,https://www.mdsc.com.mx/web/image/product.template/160523/image_1024?unique=3df4314,https://polfarmex.pl/wp-content/uploads/2024/02/Danazol.webp
209,dapagliflozina,https://ecofarma.co/wp-content/uploads/2025/03/Forxiga-Dapagliflozina-10-Mg-X-28-Tabl_1.jpg,https://anossadrogaria.vteximg.com.br/arquivos/ids/3232999-1000-1000/981310_00.jpg?v=638354844784400000,https://http2.mlstatic.com/D_NQ_NP_729637-MLM74118175760_012024-O.webp,https://www.farmaciaeficacia.com.br/media/catalog/product/cache/57cdc212a37a455a15a9a90b72159f3f/d/a/dapagliflozina-controle-glicemico-120-capsulas.png
145,dapaglifozina,https://farmaciabelaessencia.cdn.magazord.com.br/img/2025/08/produto/2067/embalagem-padrao-2025-08-29t121346-912.png,https://drogal.vtexassets.com/arquivos/ids/264681/177137.jpg?v=638907936007570000,https://http2.mlstatic.com/D_NQ_NP_807776-MLB83858104664_042025-O-kit-3-potes-dapaglifozina-10mg-30-capsulas.webp,https://www.cliquefarma.com.br/cdn-cgi/imagedelivery/HWe2hc9laId8jMwJ0Cw8sw/TarjaVermelha.png/standard
178,dapsona,https://www.rontag.com/wp-content/uploads/2018/06/daps.jpg,https://www.doctor-online.com.ar/wp-content/uploads/que-es-la-dapsona-y-para-que-sirve.webp,https://farmaciacutem.com/wp-content/uploads/2024/02/cutem-dapsona.png,https://i.ytimg.com/vi/L8Shxvldc9Q/maxresdefault.jpg
254,deferasirox,"https://i0.wp.com/tajgenerics.com/wp-content/uploads/Deferasirox-Dispersible-Tablets-500mg-Taj-Pharma.jpg?fit=2592,1728&ssl=1",https://www.aetospharma.com/wp-content/uploads/2023/05/Deferasirox-Tablets-100mg-250mg-400mg.jpg,https://tajpharma.in/wp-content/uploads/cache/images/Deferasirox-dispersible-tablets-250-mg-FDA-approved-scaled/Deferasirox-dispersible-tablets-250-mg-FDA-approved-scaled-1498356361.jpg,https://cpimg.tistatic.com/8032224/b/7/deferasirox-dispersible-tablets-500mg.jpg
255,deferiprona,https://americanas.vtexassets.com/arquivos/ids/1015323/7511641051_4_xlarge.jpg?v=638750902429770000,https://img.freepik.com/vetores-premium/design-de-modelo-de-corte-e-embalagem-de-caixa-modelo-de-design-de-caixa-de-medicamento-para-xarope-de-colirio-de-medicamento_780351-414.jpg,https://img.freepik.com/vetores-premium/modelo-de-embalagem-de-design-de-embalagem-para-ilustracao-de-design-vetorial-de-produto-design-de-caixa-de-medicamento_780351-373.jpg,https://down-br.img.susercontent.com/file/sg-11134201-824ia-mdwxezo1ab5v79
215,densidade,https://farmaceuticodigital.com/wp-content/uploads/2020/11/Caixa-medicamento-435x335.png,https://img.freepik.com/vetores-premium/design-de-modelo-de-corte-e-embalagem-de-caixa-modelo-de-design-de-caixa-de-medicamento-para-xarope-de-colirio-de-medicamento_780351-414.jpg?w=900,https://img.freepik.com/vetores-premium/modelo-de-embalagem-de-design-de-caixa-para-design-de-caixa-de-medicamento-de-produto_780351-367.jpg?w=2000,https://img.freepik.com/vetores-premium/modelo-de-embalagem-de-design-de-embalagem-para-ilustracao-de-design-vetorial-de-produto-design-de-caixa-de-medicamento_780351-373.jpg?w=2000
154,desferroxamina,"https://farmaindex.com/_next/image?url=https://ik.imagekit.io/Farmaindex/tr:w-200,h-200/mockups/tarja-vermelha-generico.png&w=256&q=75",https://www.inovafarma.com.br/blog/wp-content/uploads/2021/04/medicamento-tarja-vermelha.jpg,https://farmaceuticodigital.com/wp-content/uploads/2020/11/Caixa-medicamento.png,https://uploads.consultaremedios.com.br/ckeditor_assets/pictures/5818a8a31577700007a0f02a/original_tabela2-mesilato_de_desferroxamina-consulta-remedios.png?1478011043
142,desmopressina,https://cliniguia.com/media/2023/03/12130129/Acetato-De-Desmopressina-01mg-Ml-Spray-Nasal-25ml.jpg,https://images.tcdn.com.br/img/img_prod/894687/desmopressina_0_1mg_ml_solucao_spray_nasal_2_5ml_generico_bergamo_5_1_4b2c2a3fecacb64c47b4eb4732dc9f72.jpg,https://product-data.raiadrogasil.io/images/14982036.webp,https://images.tcdn.com.br/img/img_prod/666884/acetato_de_desmopressina_0_1mg_ml_caixa_com_1_frasco_spray_com_2_5ml_de_solucao_de_uso_nasal_299_1_f66dbc53b1d605402f26c9bf87aa4080.jpg
157,donepezila,https://formosa.vtexassets.com/arquivos/ids/180314/Donepezila-5mg-30-Comprimidos---Medley-Generico.jpg?v=638542455226600000,https://guiadocuidado.com.br/wp-content/uploads/2024/06/2-1.png,https://imgprd.martinsatacado.com.br/catalogoimg/264517/01_264517_01.jpg?v=100920221228&ims=1000x,https://www.geolab.com.br/wp-content/uploads/2021/05/Carto-generica-retencao-de-receita_Render-500x500-1-500x500-1.png
219,eculizumabe,https://perset-farma.com/wp-content/uploads/2024/09/soliris-1-scaled-e1724785267785.jpeg,https://uploads.production.portal.marketing.afya.systems/wp-content/uploads/2025/06/03123246/Stock_Firefly_4003_widescreen_1748964733275.jpeg,https://www.saludediciones.com/wp-content/uploads/2021/10/download.jpg,https://www.inovafarma.com.br/blog/wp-content/uploads/2021/04/medicamento-tarja-vermelha.jpg
211,elexacaftor,https://5.imimg.com/data5/SELLER/Default/2025/1/483949822/NF/SF/EP/240042655/trixacar-elexacaftor-100mg-tezacaftor-50mg-ivacaftor-75mg-tablets-500x500.jpg,https://healthsupply-online.com/wp-content/uploads/2023/01/Trixacar.jpg,https://5.imimg.com/data5/SELLER/Default/2025/1/478329205/JW/JU/IS/84417247/trixacar-elexacaftor-100mg-tezacaftor-50mg-ivacaftor-75mg-strength-84-tablets-1000x1000.jpeg,https://healthsupply-online.com/wp-content/uploads/2023/03/KAFTRIO.jpg
249,eltrombopague,https://cdn.awsli.com.br/2500x2500/1744/1744611/produto/108008929/1b5bd8abdc.jpg,https://www.inovafarma.com.br/blog/wp-content/uploads/2021/04/medicamento-tarja-vermelha.jpg,https://cr-net-public-staging.s3.amazonaws.com/pharmaceutic_form/33CB61F227FBEFA0E8FB928A3C2C319C.be0b8fb0-f520-4b64-89f4-c9d5863b7465,https://www.kernpharma.com/sites/default/files/styles/max_575x575/public/productos/imagenes/eltrombopag-kern-pharma-75-mg-0.png?itok=zhgTud9z
252,eltrombopague olamina,https://cdn.awsli.com.br/2500x2500/1744/1744611/produto/108008929/1b5bd8abdc.jpg,"https://farmaindex.com/_next/image?url=https://ik.imagekit.io/Farmaindex/tr:w-350,h-350/mockups/tarja-vermelha.png&w=750&q=75",https://cr-net-public-staging.s3.amazonaws.com/pharmaceutic_form/33CB61F227FBEFA0E8FB928A3C2C319C.be0b8fb0-f520-4b64-89f4-c9d5863b7465,https://cdn.awsli.com.br/64x50/1744/1744611/produto/108008929/1b5bd8abdc.jpg
243,enoxaparina sódica,https://images.rappi.com.br/products/92e26059-f196-4c7f-af91-da8a1b5fa942.jpg,https://lh3.googleusercontent.com/4LuQqH77vm6CQSZEpEafD-esgkUSbFfuA1S5QPb7viV2LbTaKJcDdoZpIYYxD6nWyx_FbWIVwqJm3U7NmAIvDWHkrN0t7Q9NyK6enUnCgrLaJhNI,https://tantovital.com/images/productos/7501125152832.webp,https://static.vakinha.com.br/uploads/vakinha/image/587997/clexane-enoxaparina.jpg?ims=700x410
171,entacapona,https://botplusweb.farmaceuticos.com/Documentos/AEMPS/Fotos/267262/full/76383_materialas.jpg,https://botplusweb.farmaceuticos.com/Documentos/AEMPS/Fotos/298486/full/79658_materialas.jpg,https://farmaceuticodigital.com/wp-content/uploads/2020/11/Caixa-medicamento-363x280.png,https://img.freepik.com/vetores-premium/design-de-modelo-de-corte-e-embalagem-de-caixa-modelo-de-design-de-caixa-de-medicamento-para-xarope-de-colirio-de-medicamento_780351-414.jpg?w=2000
116,etanercepte,https://artritereumatoide.blog.br/wp-content/uploads/2019/09/b457952a-6412-4c5a-a9b3-e03d6f74131c.jpg,https://cdn.ribeirocavalcante.com.br/2025/01/como-conseguir-o-enbrel-etanercepte-gratuitamente-pelo-plano-de-saude-ou-pelo-sus_-tudo-o-que-voce-precisa-saber-1024x576.webp,https://pfarma.com.br/images/noticias/etanercepte-brenzys-biossimilar.jpg,https://alfob.org.br/wp-content/uploads/elementor/thumbs/r-ou7vp3vtxbtpr6xot1b0q3u9rhysvdfwu3dagfypsw.png
191,etossuximida,https://product-data.raiadrogasil.io/images/16487195.webp,https://product-data.raiadrogasil.io/images/1279813.webp,https://cr-net-public-staging.s3.amazonaws.com/pharmaceutic_form/017E3721FD0F18F0992173E096A0A7AF.4e8980ff-cb27-4b21-87ee-ad85df34d79a,https://www.mediplus.me/wp-content/uploads/2021/12/Screen-Shot-2021-12-12-at-05.16.54.png
225,everolimo,https://natcofarma.com/wp-content/uploads/2021/08/caixas-principio-ativo.png,https://natcofarma.com/wp-content/webp-express/webp-images/uploads/2023/05/PACKS-EVEROLIMO-PARA-O-SITE.png.webp,https://img.band.uol.com.br/image/2024/06/24/cerca-de-15-milhoes-de-unidades-farmaceuticas-vao-ser-produzidas-ate-o-final-de-2024-172616_800x450.webp,https://images.tcdn.com.br/img/img_prod/707730/180_afinitor_everolimo_5mg_caixa_com_30_comprimidos_2057_1_026aaf643dd69feee715339800b19db5.png
149,fenofibrato,https://mercadofarma.com.mx/cdn/shop/files/D_960808-MLA87896179847_072025-B.jpg?v=1752511495&width=1445,https://http2.mlstatic.com/D_NQ_NP_669414-MLM82351656548_022025-O.webp,http://farmaciacoyoacan.com/cdn/shop/files/7503049078045_01.jpg?v=1748251380,https://www.kernpharma.com/sites/default/files/productos/imagenes/fenofibrato-kern-pharma-efg-145-mg-30-compr-6290.png
135,fenoterol,https://blogger.googleusercontent.com/img/b/R29vZ2xl/AVvXsEjDHUjHqEHyd1_H4jbk17-EfTE3rjufVyxpHi_y1Fqa4LNBosJz1QYIsvd8HMvYrHOo6_rgxs2XOXm35PYiA7ZJQqxQMBUSheFeLhTo1WjMkxWDUnRRgwthmVaYH429757YCxGmCls7xVhq/w1200-h630-p-k-no-nu/caixa+f.png,https://www.ecofarmacias.cl/wp-content/uploads/2024/01/fenote-scaled.jpg,https://farmacenter.com.pe/wp-content/uploads/2025/04/1000495487.png,https://farmex.cl/cdn/shop/files/fenoterolipratropio-5020-mcg-aer-inh-x-200-dosis-ley-cenabast-inpac-pharma-755966_1024x1024.jpg?v=1740597120
180,filgrastim,https://farmacorp.com/cdn/shop/files/7730979511186_1200x1200.jpg?v=1705677737,https://megalabs.com.bo/wp-content/uploads/2022/11/Filgrastim.png,https://panamfarma.com/wp-content/uploads/2024/08/Filgrastim_300mcg.png,https://farmaciard.com/wp-content/uploads/2025/09/Filgrastim-300Mg-Solucion-Inyectable.jpg
200,fingolimode,https://1.bp.blogspot.com/-yxTtMs2jFdU/X8OnOBdGGpI/AAAAAAAAFjA/eAAKVum4zj0TN2u_5x7yEIfztRW4nfroQCNcBGAsYHQ/s420/gilenya-fingolimode-sus.png,https://pfarma.com.br/images/artigo/gilenya-fingolimode.jpg,https://1.bp.blogspot.com/-83cmGigMLHY/X6nZIALiA_I/AAAAAAAAFfE/aoWQ7NO_RTwMkSZLb_f2yJfKkMwIjUlPACNcBGAsYHQ/w640-h444/gilenya-fingolimode.jpg,https://5.imimg.com/data5/SELLER/Default/2024/2/394627098/QT/VG/MJ/188894142/fingomod-fingolimode-capsule-500x500.jpg
136,formoterol,https://botplusweb.farmaceuticos.com/Documentos/AEMPS/Fotos/199789/full/66573_materialas.jpg,https://cdn.shop-apotheke.com/images/D13/914/670/D13914670-p12.jpg,https://lh3.googleusercontent.com/NLDKCTFc6CMM3DXWpMBT8awgAvYq7fgnOktosQq1ijh2RCPAumWdu3QNr72cZoYIcRmdU-2JfRG6_lawE1caO4sx9Qg1B1BJ6Zpyblu8pw3aiXxF,https://cdn.fisiculturismo.com.br/monthly_2016_07/formoterol.jpg.a8cbe14ccbabf4f0c4531903e915a357.jpg
201,fumarato de dimetila,https://1.bp.blogspot.com/-RvpMQprR_bQ/X8OnxYBSj8I/AAAAAAAAFjI/ewg3o6F5V3E36iR3VJGah-0Rc_EEl8N-gCNcBGAsYHQ/s16000/fumarato-dimetila-sus.png,https://www.kernpharma.com/sites/default/files/productos/imagenes/fumarato-de-dimetilo-kern-pharma-120-mg-14-capsulas-duras-gastrorresistentes-efg-0.jpg,https://nomenclator.org/img/envase.900/fumarato-dimetilo-sandoz-240-mg.jpg,https://nomenclator.org/img/envase.900/fumarato-dimetilo-sandoz-120-mg.jpg
182,gabapentina,https://i5.walmartimages.com.mx/mg/gm/3pp/asr/f62def01-fc2f-486b-bf18-fd361b5d89c4.b6785c2dc8c8b6c0d10bffd0e8c8f28f.jpeg?odnHeight=2000&odnWidth=2000&odnBg=ffffff,http://farmaciaelquimico.cl/cdn/shop/files/gabapentina-400-seven-pharma.png?v=1748364735,https://botplusweb.farmaceuticos.com/Documentos/AEMPS/Fotos/396195/full/67154_materialas.jpg,https://farmacovet.com/_next/image?url=https://raw.githubusercontent.com/FarmacoVet/CDN/refs/heads/main/imgs/medicines/webp/gabapentina_300mg-tablets-MED-pt_br.webp&w=3840&q=75
158,galantamina,https://botplusweb.farmaceuticos.com/Documentos/AEMPS/Fotos/266021/full/74334_materialas.jpg,https://botplusweb.farmaceuticos.com/Documentos/AEMPS/Fotos/268628/full/77148_materialas.jpg,https://botplusweb.farmaceuticos.com/Documentos/AEMPS/Fotos/266019/full/74332_materialas.jpg,https://botplusweb.farmaceuticos.com/Documentos/AEMPS/Fotos/268820/full/77289_materialas.jpg
244,ganciclovir,https://5.imimg.com/data5/FX/TB/RX/SELLER-5907702/ganciclovir-capsules-500mg-1000x1000.png,https://farmaciasdejalisco.com/wp-content/uploads/2019/04/IMG_20190221_184743.jpg,https://orionmedical.com.gt/wp-content/uploads/2022/08/Productos-para-hospitales-Guatemala-Orion-Medical-de-Guatemala-101-768x768.jpg,"https://eurofarmacdn.com/storage/media/14244/kG8oCgEmXASRvWgpq1QQwBbSdpHjgjmU327VxlKw.png?w1000,h1000,q80,mSCALE,vV3.jpg"
150,genfibrozila,https://pasteurio.vtexassets.com/arquivos/ids/175086/Salud-y-Medicamentos-Medicamentos-formulados_Genfar_Pasteur_169249_caja_01.jpg?v=638349699584800000,https://drogal.vtexassets.com/arquivos/ids/186382/50276.jpg?v=638387836930430000,https://www.cliquefarma.com.br/cdn-cgi/imagedelivery/HWe2hc9laId8jMwJ0Cw8sw/TarjaVermelhaGenerico.png/standard,https://product-data.raiadrogasil.io/images/14982032.webp
202,glatirâmer,https://1.bp.blogspot.com/-WSMpm1c0zUQ/XlqvDYzA8YI/AAAAAAAAFHI/h7JJX3Uo9LMNj-tdKErl3DbVQiwgW6_0ACNcBGAsYHQ/s400/caixas-acetato-glatiramer.png,https://imgs.jusbr.com/publications/images/bfe6d94a7801776a341b504114be00e8,https://i.ytimg.com/vi/p7y0-27dY2Q/hq720.jpg?sqp=-oaymwEcCOgCEMoBSFXyq4qpAw4IARUAAIhCGAFwAcABBg==&rs=AOn4CLDhWrmfCY4lgNgN8_6l95-FYhI6yw,https://farmaceuticodigital.com/wp-content/uploads/2020/11/Caixa-medicamento-363x280.png
123,golimumabe,https://i.ytimg.com/vi/LzOJornl8Tc/maxresdefault.jpg,https://nudii.com.br/wp-content/uploads/2024/09/nudii-medicamento-Golimumabe-mobile-2-copiar.webp,https://images.tcdn.com.br/img/img_prod/707730/simponi_golimumabe_50mg_caixa_com_1_frasco_ampola_com_4ml_de_solucao_de_uso_intravenoso_2527_1_4d6b12849d49964a6e0df04b4cc34b23.png,https://alemdii.org.br/wp-content/uploads/2023/08/simponi-sus-23-1.jpg
186,gosserrelina,https://images.tcdn.com.br/img/img_prod/707730/zoladex_acetato_de_gosserrelina_3_6mg_caixa_com_1_seringa_carregada_com_depot_de_uso_subcutaneo_2685_1_6f538da3187d7167e3085441a2032876.png,https://castellodecampos.com.br/wp-content/uploads/2020/03/Zoladex-Acetato-de-gosserrelina.jpg,"https://farmaindex.com/_next/image?url=https://ik.imagekit.io/Farmaindex/tr:w-350,h-350/mockups/tarja-vermelha.png&w=1920&q=75",https://cr-net-public-staging.s3.amazonaws.com/pharmaceutic_form/6424187966D7FC4A49300618DE3DB24D.99a0e027-c195-49b0-859e-ff556644ba03
129,hidroxicloroquina,https://s2.glbimg.com/sEQNt4rFq_xSjMQX1KFQ9LQjMCI=/0x0:1197x881/984x0/smart/filters:strip_icc()/i.s3.glbimg.com/v1/AUTH_59edd422c0c84a879bd37670ae4f538a/internal_photos/bs/2020/D/3/6LQ7ncQoquKcI1l8B59Q/cloroquina.png,https://sanorim.mx/cdn/shop/files/HIDROXICLOROQUINA.jpg?height=1066&v=1742573299,https://http2.mlstatic.com/D_NQ_NP_935120-MLM82916831792_032025-O-hidroxicloroquina-medigen-c20-tabs-200-mg.webp,https://www.fybeca.com/on/demandware.static/-/Sites-masterCatalog_FybecaEcuador/default/dw3c57a000/images/large/294693_1-hidroxicloroquina-bkf-400-mg-caja.jpg
110,hidróxido férrico,https://farbiopharma.com/wp-content/uploads/2023/10/Ferrum_farbio_comp.png,https://e7.pngegg.com/pngimages/86/965/png-clipart-complexo-hidroxido-ferrico-polimaltose-anemia-folate-pharmaceutical-drug-tablet-tablet-electronics-pharmaceutical-drug.png,https://res.cloudinary.com/prixz/image/upload/w_500/q_auto/f_auto/items/7501088504198.webp,https://ictq.com.br/images/Anvisa-determina-recolhimento-de-medicamento-indicado-para-reposicao-de-ferro.jpeg
179,hidroxiureia,https://bshealthgroup.com/wp-content/uploads/Hidroxiurea-500-mg-100-capsulas-duras-Blau-Bonne-Sante-Group.webp,https://images.tcdn.com.br/img/img_prod/707730/180_tepev_hidroxiureia_500mg_caixa_com_100_capsulas_duras_2607_1_95e820b709637de6798216b5da17115b.png,https://www.medi.com.br/lojas/00036455/prod/KIT-5-CAIXAS-generico.png?cccfc=30764412,https://dfbwaward.com/wp-content/uploads/2024/11/tc_7329_img_2_20_09_2024_20_31_29.jpeg
235,idursulfase alfa,https://www.medicaltourisrael.com/wp-content/uploads/2018/11/Elaprase_Idursulfase-300x255.png,https://3.imimg.com/data3/PT/TL/MY-8041972/elaprase-1000x1000.jpg,https://dailymed.nlm.nih.gov/dailymed/image.cfm?name=elaprase-01.jpg&setid=60cba843-5aab-4dd7-96dc-66648d413be3&type=img,https://1.bp.blogspot.com/-IlzxSwCsUD4/X8iCVEfDEtI/AAAAAAAAMPo/-RwdDcWgaJoChF6rLrISmCe-d9806W9EACNcBGAsYHQ/s306/elaprase-vial.png
222,iloprosta,https://www.farmavisa.com.br/product_images/DefaultProductImageCustom.png,https://www.inovafarma.com.br/blog/wp-content/uploads/2021/04/medicamento-tarja-vermelha.jpg,https://cr-net-public-staging.s3.amazonaws.com/pharmaceutic_form/AA847A1876B4AA39F9BA06452ABC1608.1ad84510-51c3-479c-b3be-12e8ffa60281,https://farmaceuticodigital.com/wp-content/uploads/2020/11/Caixa-medicamento.png
117,infliximabe,https://i0.wp.com/artritereumatoide.blog.br/wp-content/uploads/2018/01/remedio-sus.jpg?w=300&ssl=1,https://images.tcdn.com.br/img/img_prod/1205595/renflexis_infliximabe_100mg_caixa_com_1_frasco_com_1_20251119155050_16a041c60fee.png,https://images.tcdn.com.br/img/img_prod/1164379/xilfya_10mg_ml_caixa_com_1_frasco_ampola_com_po_para_solucao_de_uso_intravenoso_10ml_813_1_bdc754dd6ba7ac4dea4234f5afdd3fce.png,https://artritereumatoide.blog.br/wp-content/uploads/2018/01/top-20-office-hacks-1024x1024.png
143,insulina determir,https://www.plmconnection.com/plmservices/PharmaSearchEngine/Mexico/DEF/SIDEF/400x400/nn_levemir_plumas_c5.png,https://enfermeriabuenosaires.com/wp-content/uploads/2022/02/Insulina.png,https://5.imimg.com/data5/WD/BD/MY-57410697/levemir-insulina-detemir-injection-500x500.jpg,https://5.imimg.com/data5/SELLER/Default/2023/5/305517539/DG/TK/YT/186424930/100uml-levemir-insulin-determir-1000x1000.jpg
144,insulina glargina,https://www.doctor-online.com.ar/wp-content/uploads/que-tipo-de-insulina-es-la-insulina-glargina-scaled.webp,https://media.istockphoto.com/id/508762728/pt/foto/a-sanofi-aventis-lantus-caneta-de-insulina-glargina.jpg?s=1024x1024&w=is&k=20&c=nzj_FJdRfClYgmHVk0u61ISmbUPpK1lA5p8Z-HR3NAc=,https://www.farmaciasjulios.com/wp-content/uploads/2024/08/farmaciasjulios_insulina-lantus-pluma-100unidades-ml.jpg,https://aws.farmasmart.com/app/uploads/2024/08/7501349025158.webp
233,isoconazol,https://imgv2-1-f.scribdassets.com/img/document/720491037/original/5d961ca433/1717687497?v=1,https://img.freepik.com/vetores-premium/modelo-de-embalagem-de-design-de-embalagem-para-ilustracao-de-design-vetorial-de-produto-design-de-caixa-de-medicamento_780351-379.jpg?w=2000,https://img.freepik.com/vetores-premium/embalagem-de-caixa-de-medicamento-com-comprimidos-e-capsulas_25030-37885.jpg?w=1480,https://img.freepik.com/fotos-premium/modelo-de-embalagem-de-caixa-de-medicamentos-em-branco-em-superficie-branca_800847-2264.jpg
231,isotretinoina,https://droxicolprd.vtexassets.com/arquivos/ids/166579/isotretinoina-20-mg-caja-x-30-capsulas-colmed-3448-11151.jpg?v=638787097255630000,https://www.farmaciascurie.cl/cdn/shop/files/isotretinoina.png?v=1733505816,https://lh3.googleusercontent.com/rjYwiOJp4NcCTyDZGpx3FFQhY5HA6ef5_cKTbfkJh-g_jrkbHEwqxZdlvob3Jz0qMeB62B7poRYAQ1Qj0gehA3rE4QCVhpqwEZ4sgBnjsXxjHrU,http://www.farmaciasanantonio.hn/archivos/Productos/41578/41578.jpg
212,ivacaftor,https://healthsupply-online.com/wp-content/uploads/2023/03/KALYDECO.jpg,https://emedz.net/blog/wp-content/uploads/2021/02/Ivacaftor-Kalydeco-tablets-uses-dose-moa-brands-side-effects.png,https://medreviewhub.com/wp-content/uploads/2023/11/6-2.jpeg,https://healthsupply-online.com/wp-content/uploads/2023/03/KAFTRIO.jpg
192,lamotrigina,https://cliniguia.com/media/2023/03/24144520/Lamotrigina-25mg-Com-30-Comprimidos-1200x900.jpg,https://anabolloja.com.br/wp-content/uploads/2024/07/Lamotrigina.webp,https://farmaciaelquimico.cl/cdn/shop/files/lamotrigina50mg30.jpg?v=1688579651,https://www.zuca.mx/cdn/shop/files/zuca-lamotrigina-de-100-mg-caja-c28-2-2.jpg?v=1743196394
106,lanreotida,https://irp.cdn-website.com/e7578fab/dms3rep/multi/Lanreotida+mexico.jpg,https://images.tcdn.com.br/img/img_prod/1164379/somatuline_autogel_90mg_cx_c_01_ser_preenc_0_5ml_subcut_7_1_8dc3bcbe46508ee1bfb475b13fcebcf1.png,https://www.inovafarma.com.br/blog/wp-content/uploads/2021/04/medicamento-tarja-vermelha.jpg,https://www.cliquefarma.com.br/cdn-cgi/imagedelivery/HWe2hc9laId8jMwJ0Cw8sw/TarjaVermelha.png/standard
234,laronidase,http://www.taobaodrug.com/zb_users/upload/2023/11/202311161700134797630677.png,https://www.inovafarma.com.br/blog/wp-content/uploads/2021/04/medicamento-tarja-vermelha.jpg,https://img.freepik.com/vetores-premium/modelo-de-embalagem-para-colirio-de-medicamento-design-de-pacote-embalagem-de-caixa-design-de-modelo-recortado_780351-376.jpg,https://fda.report/DailyMed/a80ac249-cae4-41f3-88bb-344088b20e60/aldurazyme-1.jpg
118,leflunomida,https://botplusweb.farmaceuticos.com/Documentos/AEMPS/Fotos/264517/full/74344_materialas_1.jpg,https://http2.mlstatic.com/D_NQ_NP_955324-MLM77140011929_062024-O.webp,https://botplusweb.farmaceuticos.com/Documentos/AEMPS/Fotos/267714/full/77010_materialas.jpg,https://www.plmconnection.com/plmservices/PharmaSearchEngine/Mexico/DEF/SIDEF/400x400/amsa_leflunomida_comp_20mg_30.png
187,leuprorrelina,https://images.tcdn.com.br/img/img_prod/707730/eligard_acetato_de_leuprorrelina_45mg_caixa_com_1_seringa_com_po_para_suspensao_de_liberacao_prolong_2205_1_6f538da3187d7167e3085441a2032876.png,https://acdn-us.mitiendanube.com/stores/003/349/935/products/lorelin-11-25-b30e1b32e63fa1589d17237611298719-240-0.png,https://images.tcdn.com.br/img/img_prod/1164379/lectrum_3_75mg_cx_c_01_fra_amp_po_dil_1_5ml_im_33_1_8dc3bcbe46508ee1bfb475b13fcebcf1.png,https://images.tcdn.com.br/img/img_prod/707730/lectrum_acetato_de_leuprorrelina_75mg_caixa_com_1_2_20251215162521_bfeaf238d9ba.jpg
193,levetiracetam,https://www.farmaciasahumada.cl/on/demandware.static/-/Sites-ahumada-master-catalog/default/dwbcc92a41/images/products/88448/88448.jpg,https://farmapalacio.com/wp-content/uploads/2024/08/LEVETIRACETAM-1000-MG-CAJA-X-30-COMPRIMIDOS-GENFAR.jpg,https://gruporfp.vtexassets.com/arquivos/ids/5511754/7501349021112_01.jpg?v=639026354609900000,https://lh3.googleusercontent.com/9noKGGrr5-W3EzAdFM0kolEe9SP3mBWvMEuHvqIIdiFpWWr2vY8wCyNJCyi3F5tT1w1s92UgSTgk5R3g35ZXDyLpGtn74kLsyVq7paXSYqi1-biD
159,memantina,https://farmastore.com.ve/930-large_default/memantina-20-mg-caja-x-30-tabletas.jpg,http://www.farmaciascurie.cl/cdn/shop/files/memantina20mg.jpg?v=1720925901,https://drogueriasfarmavida.com/wp-content/uploads/2024/02/47505.jpg,https://beta.cruzverde.cl/on/demandware.static/-/Sites-masterCatalog_Chile/default/dwf108675a/images/large/251102-memax-memantina-10-mg-30-comprimidos.jpg
161,mesalazina,https://www.cliquefarma.com.br/cdn-cgi/imagedelivery/HWe2hc9laId8jMwJ0Cw8sw/campanha/1/177/6-1.jpg/public,https://drogueriasfarmavida.com/wp-content/uploads/2021/04/38713.jpg,https://farmapalacio.com/wp-content/uploads/2024/08/MESALAZINA-500-MG-CAJA-X-30-TABLETAS-HUMAX.jpg,https://d1jgmae0hcnr1i.cloudfront.net/Custom/Content/Products/93/17/93176_mesalazina-800-mg-c-30-cp-rev-p70927_l1_638288246486078708.png
183,metadona,https://farmacorp.com/cdn/shop/files/7795375600858-des_700x700.jpg?v=1694032385,https://farmacorp.com/cdn/shop/files/7795375600841_700x700.jpg?v=1694015873,https://farmacorp.com/cdn/shop/files/7795375600841-des_700x700.jpg?v=1694032356,https://cf.shopee.com.br/file/ae102082f275c9cf40d0d3d0c17feaa6_tn
256,metilfenidato,https://botplusweb.farmaceuticos.com/Documentos/AEMPS/Fotos/269399/full/77779_materialas.jpg,https://res.cloudinary.com/prixz/image/upload/w_500/q_auto/f_auto/items/7501249607294_2.webp,https://images.rappi.com.mx/products/269269466339_wksxvgabphcn_158196966649_oqajzcgzfwwz_864820_1.jpeg?e=webp&d=900x750&q=30,"https://eurofarmacdn.com/storage/etc/Fx5DdduP9ro18odayayWhwk0xPmvZpynniVodKJb.png?w1000,h1000,q80,mSCALE,vV3.jpg"
162,metilprednisolona,https://biomedbz.com/wp-content/uploads/2024/01/metilprednisolona.jpg,https://botplusweb.farmaceuticos.com/Documentos/AEMPS/Fotos/264501/full/71866_materialas.jpg,https://droxicolprd.vtexassets.com/arquivos/ids/162129/metilprednisolona-mk-4-mg-caja-x-30-tabletas-tecnoquimicas-32485-6699.jpg?v=638787011799970000,https://botplusweb.farmaceuticos.com/Documentos/AEMPS/Fotos/264500/full/71864_materialas_1.jpg
119,metotrexato,https://beta.cruzverde.cl/on/demandware.static/-/Sites-masterCatalog_Chile/default/dwb9967226/images/large/274647-metotrexato-bioequivalente-comprimido-100-unidades-metotrexato-25-mg.jpg,https://beta.cruzverde.cl/on/demandware.static/-/Sites-masterCatalog_Chile/default/dw4cb33690/images/large/760248.1.jpg,https://farmaciaszamarin.cl/wp-content/uploads/2024/07/Screen-Shot-2024-07-25-at-16.40.18.png,https://www.laboratoriochile.cl/wp-content/uploads/2019/03/Metotrexato_25MG-ML_1FA-2ML_Teva_HD.jpg
226,micofenolato de mofetila,https://www.belgochilena.cl/wp-content/uploads/2023/05/Micofenolato_500MG_50C_Teva_HD.jpg,https://www.belgochilena.cl/wp-content/uploads/2023/05/Micofenolato_250MG_600.jpg,https://aws.farmasmart.com/app/uploads/2025/05/Micofenolato-mofetilo-500-mg-de-camber-caja-con-50-tabletas.-inmunosupresor-eficaz-para-trasplantes-farmacia-online-farmasmart-7506442703804.png,https://tienda.farmaciacarol.com/Images/Products/45971776.jpg
227,micofenolato de sodio,https://paguemenos.vtexassets.com/arquivos/ids/1083234-800-auto?v=638959904098170000&width=800&height=auto&aspect=true,https://cdn.sara.com.br/package/defaults/product--sara-2247.webp?w=1200&q=70,https://www.farmasilva.com.br/product_images/1280x1280/c/173/frasco-comprimido-57090.png,"https://farmaindex.com/_next/image?url=https://ik.imagekit.io/Farmaindex/tr:w-140,h-70/b2c/anunciantes/oncoprod.png?v=e733c6f&w=384&q=75"
164,miglustate,https://precopopular.vtexassets.com/arquivos/ids/228239-800-899?v=638778944099570000&width=800&height=899&aspect=true,https://www.inovafarma.com.br/blog/wp-content/uploads/2021/04/medicamento-tarja-vermelha.jpg,https://farmaceuticodigital.com/wp-content/uploads/2020/11/Caixa-medicamento.png,https://eltonfernandes.com.br/uploads/pagina/pagina/2024/06/I2WMyLg9fRwyMV1m/miglustate-capa_400x400.jpg
184,morfina,https://laboratorioscatedral.com.py/wp-content/uploads/morfina-60x30comp_800x800-2-jpg.webp,https://www.catena.ro/assets/uploads/product_images/20656-5388.jpg,https://media.istockphoto.com/id/955608168/es/foto/analgésicos-opioides-morfina.jpg?s=1024x1024&w=is&k=20&c=d4s3SLrCMW4f4rWyvCrkShxJfu1kycE4J6xFksRLvzw=,https://laboratorioscatedral.com.py/wp-content/uploads/2019/11/MORFINA_CAJA-X-1-AMPOLLA-X-1-ML-768x768.jpg
185,morfina de liberação controlada,https://laboratorioscatedral.com.py/wp-content/uploads/morfina-60x30comp_800x800-2-jpg.webp,https://www.catena.ro/assets/uploads/product_images/20656-5388.jpg,https://media.istockphoto.com/id/955608168/pt/foto/morphine-opioid-pain-medication.jpg?s=1024x1024&w=is&k=20&c=TIK_8DMhMidHyn-Gmw9c5LxLFm1mIImpDGw5mEcU6V8=,https://media.istockphoto.com/id/959407102/pt/foto/morphine.jpg?s=612x612&w=0&k=20&c=TmbfHaobJmJcjaSASIZNYFqW1MrlsYuuC3sDXuOc4zc=
120,naproxeno,https://americanas.vtexassets.com/arquivos/ids/1015323/7511641051_4_xlarge.jpg?v=638750902429770000,https://hapvidab2c.vtexassets.com/arquivos/ids/219946/image-299e9652688d4d7c9580cf87d5a50ec7.jpg?v=638628183295030000,https://nexodata.vtexassets.com/arquivos/ids/185262/7896004775135_IR.jpg?v=638108988476600000,https://down-br.img.susercontent.com/file/sg-11134201-22110-fict78demqjv73
203,natalizumabe,https://1.bp.blogspot.com/-5DJnQZMmKM8/XrrnMAP5PpI/AAAAAAAAFTk/_yIYuymJavwWlIVIKc_Sc2ULoBPYPxqdQCNcBGAsYHQ/s1600/embalagem-natalizumabe.jpg,https://images.tcdn.com.br/img/img_prod/1205595/tysabri_20mgml_natalizumabe_caixa_com_1_frasco_amp_1_20250813105635_aaf5c924a533.png,https://1.bp.blogspot.com/-m1b4l4qPXHc/XmziyrKK2eI/AAAAAAAAFH4/Rpf8b3NfKjgbRl3k9xunV8obfM0leHiQQCNcBGAsYHQ/s1600/natalizumabe.png,https://images.tcdn.com.br/img/img_prod/1164379/tysabri_20mg_ml_natalizumabe_biogen_caixa_com_1_frasco_ampola_15ml_de_solucao_concentrada_de_uso_uni_1015_1_5b9425454bf2ff3fa45eb1509abea4c7.png
132,nusinersena,https://sites.uel.br/ccs/wp-content/uploads/2024/03/image-3.png,https://www.inovafarma.com.br/blog/wp-content/uploads/2021/04/medicamento-tarja-vermelha.jpg,https://farmaceuticodigital.com/wp-content/uploads/2020/11/Caixa-medicamento-435x335.png,https://pfarma.com.br/images/noticias/Spinraza.png
107,octreotida,https://kalanfarmacia.com.mx/wp-content/uploads/2024/05/Octreotida-1-mg.jpg,https://botplusweb.farmaceuticos.com/Documentos/AEMPS/Fotos/228833/full/69525_materialas.jpg,https://nomenclator.org/img/envase.1200/octreotida-gp-pharm-50-microgramos.jpg,https://vicamedic.com/wp-content/uploads/2023/06/octreotida-solucion-inyectable-1mg-5m-800x800.jpg
108,octreotida lar,https://kalanfarmacia.com.mx/wp-content/uploads/2024/05/Octreotida-1-mg.jpg,https://images.tcdn.com.br/img/img_prod/707730/sandostatin_lar_octreotida_20mg_caixa_com_1_frasco_ampola_com_po_para_suspensao_de_uso_intramuscular_2525_1_4d6b12849d49964a6e0df04b4cc34b23.png,https://vicamedic.com/wp-content/uploads/2023/06/octreotida-solucion-inyectable-1mg-5m-800x800.jpg,https://botplusweb.farmaceuticos.com/Documentos/AEMPS/Fotos/228833/full/69525_materialas.jpg
206,olanzapina,http://sanorim.mx/cdn/shop/files/OLANZAPINA_2.jpg?v=1713977416,https://drogassys.com/images/items_image/47144.jpg,https://imgprd.martinsatacado.com.br/catalogoimg/264006/01_264006_01.jpg?v=110920223445;ims=1000x,https://farmapalacio.com/wp-content/uploads/2024/08/OLANZAPINA-5-MG-CAJA-X-30-TABLETAS-MK.jpg
237,pamidronato dissódico,https://3.bp.blogspot.com/-a9o4HAY8gPc/T6Qm9i9K-JI/AAAAAAAACpI/bKRCcCvB2Xk/s320/dsc00550_1%5B1%5D.jpg,https://img.medicineh.com/img/drugs-medications/pamidronate-disodium-vial-4.jpg,https://beta.cruzverde.cl/on/demandware.static/-/Sites-masterCatalog_Chile/default/dw93aee1d2/images/large/760245-aminomux-pamidronato-disodico-90-mg-1-ampolla-+-solvente.jpg,https://img.medicineh.com/img/drugs-medications/pamidronate-disodium-vial.jpg
213,pancreatina,https://www.doctor-online.com.ar/wp-content/uploads/que-medicamentos-contienen-pancreatina.webp,https://ascendlabs.cl/wp-content/uploads/2025/04/Pancreatina-25000-300-mg.jpg,https://www.farmadon.com.ve/wp-content/uploads/2025/04/Creon-Pancreatina-300Mg-X-20-Capsulas-Abbott.png,https://i5.walmartimages.com.mx/gr/images/product-images/img_large/00750109277822L.jpg?odnHeight=612&odnWidth=612&odnBg=FFFFFF
155,paricalcitol,https://botplusweb.farmaceuticos.com/Documentos/AEMPS/Fotos/291262/full/78812_materialas.jpg,https://dailymed.nlm.nih.gov/dailymed/image.cfm?name=paricalcitol-inj-10-mcg-per-2-ml-1-vial-carton.jpg&setid=2b7c7587-2042-0d9c-e054-00144ff88e88&type=img,https://farmaciaamisalud.com/wp-content/uploads/2025/03/WhatsApp-Image-2025-03-18-at-10.46.33-AM-e1742313017186.jpeg,https://fda.report/DailyMed/2b7c7587-2042-0d9c-e054-00144ff88e88/paricalcitol-inj-10-mcg-per-2-ml-1-vial-carton.jpg
176,penicilamina,https://farmaciainformativa.com/wp-content/uploads/2018/05/penicilina-27-1024x896.jpg,https://redantidotos.org/wp-content/uploads/2018/04/D-penicilamina-I.jpg,https://farmaceuticodigital.com/wp-content/uploads/2020/11/Caixa-medicamento.png,https://www.inovafarma.com.br/blog/wp-content/uploads/2021/04/medicamento-tarja-vermelha.jpg
232,piridostigmina,https://www.farmadon.com.ve/wp-content/uploads/2021/11/Mestinon-60mg-x-20-Tabletas-Valeant.jpg,https://farmaciasdeoccidente.com.gt/wp-content/uploads/8052-1.webp,http://sanorim.mx/cdn/shop/files/Monaxyl.jpg?v=1693166296,https://ecofarma.co/wp-content/uploads/2024/11/PIRIDOSTIGMINA-60MG-TB-CX20.webp
172,pramipexol,https://botplusweb.farmaceuticos.com/Documentos/AEMPS/Fotos/230960/full/70733_materialas.jpg,https://farmaciagloria.mx/9817-large_default/pramipexol-050-mg-caja-con-fco-con-30-tabletas-ultra.jpg,https://i5.walmartimages.com.mx/mg/gm/3pp/asr/7c14d6ae-ba02-4549-9db4-eb62da79e85e.139cc1015bb33bf8fb6dcf30375c542b.jpeg?odnHeight=2000&odnWidth=2000&odnBg=ffffff,https://images.coopvitality.ch/product-images/650/650/pramipexol-mepha-tabl-1-mg-100-stk-gallery-1-001ZCA.jpg
151,pravastatina,https://imagemasterspackaging.com/wp-content/uploads/2018/04/Embalagem_packaging_caixa_medicamentos_a.jpg,https://americanas.vtexassets.com/arquivos/ids/1015323/7511641051_4_xlarge.jpg?v=638750902429770000,https://americanas.vtexassets.com/arquivos/ids/7534780/5924203844_4_xlarge.jpg?v=638751762188430000,https://www.saudedica.com.br/wp-content/uploads/2018/08/Pravastatina-1024x576.jpg
194,primidona,https://www.farmaciasahumada.cl/dw/image/v2/BJVH_PRD/on/demandware.static/-/Sites-ahumada-master-catalog/default/dw0dbfbe70/images/products/1301/1301.jpg?sw=1050&sh=1050&sm=fit,https://imgfp.appsrs.cl/Imagenes/1000442.jpg,https://telemedicinamorsch.com.br/wp-content/uploads/2024/05/primidona-telemedicina-morsch-120x90.jpeg,https://farmaciaschilespa.cl/wp-content/uploads/2022/11/PRIMIDONA-300x300.jpg
207,quetiapina,https://beta.cruzverde.cl/on/demandware.static/-/Sites-masterCatalog_Chile/default/dw83a70ac0/images/large/274684-quetiapina-bioequivalente-comprimido-recubierto-30-unidades-quetiapina-25-mg.jpg,https://droxicolprd.vtexassets.com/arquivos/ids/161968/quetiapina-100-mg-caja-x-30-tabletas-mk-5887-6537.jpg?v=638787008643070000,https://farmapalacio.com/wp-content/uploads/2024/08/QUETIAPINA-25-MG-CAJA-X-30-TABLETAS-MK-600x600.jpg,https://beta.cruzverde.cl/on/demandware.static/-/Sites-masterCatalog_Chile/default/dwe91aad57/images/large/297462-1.jpg
238,raloxifeno,https://img.freepik.com/vetores-premium/modelo-de-embalagem-de-design-de-caixa-para-design-de-caixa-de-medicamento-de-produto_780351-367.jpg?w=1380,https://farmasmart.com/images/banners/home/mobile_01.webp,https://nomenclator.org/img/forma.900/raloxifeno-sandoz-60-mg-comprimidos.jpg,https://zap.aeiou.pt/wp-content/uploads/2020/06/357bd941c660b2427b71f087baa60c51.jpg
173,rasagilina,https://botplusweb.farmaceuticos.com/Documentos/AEMPS/Fotos/398063/full/81044_materialas.jpg,https://nomenclator.org/img/envase.900/rasagilina-stada-1-mg-comprimidos.jpg,https://farmaciainformativa.com/wp-content/uploads/2019/01/Rasagilina00.jpg,https://www.pmfarma.com/noticias/noticias/41796/image/1.jpg
197,riluzol,https://eticos.com.py/wp-content/uploads/2023/11/Riluzol-caja.jpg,https://cdn.shop-apotheke.com/images/D13/346/579/D13346579-p10.jpg,https://cdn.shop-apotheke.com/images/D13/346/579/D13346579-p15.jpg,https://cdn.shop-apotheke.com/images/D13/346/579/D13346579-p13.jpg
247,risanquizumabe,https://nudii.com.br/wp-content/uploads/2025/06/Risanquizumabe_Skyrizi-mobile-2-webp.webp,https://pfarma.com.br/images/noticias/skyrizi-risanquizumabe.jpg,https://www.cliquefarma.com.br/cdn-cgi/imagedelivery/HWe2hc9laId8jMwJ0Cw8sw/TarjaVermelha.png/standard,https://nudii.com.br/wp-content/uploads/2025/06/Risanquizumabe_Skyrizi-desktop-1-webp.webp
133,risdiplam,https://www.synzeal.com/images/thumbs/0095012_risdiplam.png,https://s3.amazonaws.com/images.icliniq.com/infographics/contraindication-for-risdiplam.jpg,https://iname.org.br/wp-content/uploads/2019/12/Ridisplam-analise-FDA.png,https://iname.org.br/wp-content/uploads/2020/08/6a86d31a-71cb-4726-bd3e-ab02608a7f38.jpg
167,risedronato,https://imgprd.martinsatacado.com.br/catalogoimg/264587/01_264587_01.jpg?v=100920225032;ims=1000x,https://d1jgmae0hcnr1i.cloudfront.net/Custom/Content/Products/98/73/98733_risedronato-sodico-35-mg-bl-x-4-cpr-rev-p75152_l1_638404076797596769.png,https://santaluciadrogaria.vtexassets.com/arquivos/ids/163895-800-auto?v=637638149137700000&width=800&height=auto&aspect=true,https://www.elfarmaceutico.es/uploads/s1/13/65/4/cef2cf04d220dcbe0e742065d3e2374f.jpeg
139,risperidona,https://lh3.googleusercontent.com/75QxQJB3exklbduEw_EN3oQzQzszlIlCvAcMAN-yItntpo-7s5IUXeJUZbCaac_6MESr0XbnlN0R8AAh0OaGLFPsr_TptwVI9mBb0GIU7ZXsIj6b,https://beta.cruzverde.cl/on/demandware.static/-/Sites-masterCatalog_Chile/default/dwe0618b40/images/large/28045-risperdal-risperidona-1-mg-20-comprimidos.jpg,https://imgprd.martinsatacado.com.br/catalogoimg/264344/01_264344_01.jpg?v=100920221634;ims=1000x,https://droxicolprd.vtexassets.com/arquivos/ids/161974/risperidona-mk-3-mg-caja-x-20-tabletas-tecnoquimicas-5929-6543.jpg?v=638787008758100000
130,rituximabe,https://imgv2-1-f.scribdassets.com/img/document/520200284/original/cb69ea08b7/1709566110?v=1,"https://static.wixstatic.com/media/3c2eca45c90b483b9386d2b7eef92ae2.jpg/v1/fill/w_980,h_653,al_c,q_85,usm_0.66_1.00_0.01,enc_avif,quality_auto/3c2eca45c90b483b9386d2b7eef92ae2.jpg",https://avfarma.com.br/wp-content/uploads/2025/11/scientist-holding-a-vaccine-vial-with-virus-illust-2025-04-04-07-18-03-utc-2048x1536.jpg,https://avfarma.com.br/wp-content/uploads/2025/03/medicine-blister-strip-and-large-white-pill-on-a-p-2025-01-08-02-42-42-utc-768x513.jpg
160,rivastigmina,https://botplusweb.farmaceuticos.com/Documentos/AEMPS/Fotos/266097/full/09599007_materialas_1_2.jpg,https://botplusweb.farmaceuticos.com/Documentos/AEMPS/Fotos/392660/full/82916_materialas.jpg,https://botplusweb.farmaceuticos.com/Documentos/AEMPS/Fotos/269131/full/72976_materialas.jpg,https://botplusweb.farmaceuticos.com/Documentos/AEMPS/Fotos/392657/full/82915_materialas.jpg
239,romosozumabe,https://images.tcdn.com.br/img/img_prod/1164379/evenity_90mg_ml_cx_c_02_seringas_1_17ml_749_1_bdc754dd6ba7ac4dea4234f5afdd3fce.png,https://images.tcdn.com.br/img/img_prod/707730/180_evenity_romosozumabe_90mg_ml_caixa_com_2_seringas_preenchidas_com_1_17ml_de_solucao_de_uso_subcutane_2923_1_6f538da3187d7167e3085441a2032876.png,https://images.tcdn.com.br/img/img_prod/1205595/evenity_90mg_ml_caixa_com_2_seringas_preenchidas_com_1_17ml_de_solucao_injetavel_749_1_edc071a0dcaaccaa1a3fc5bf2991b618.jpg,https://www.cliquefarma.com.br/cdn-cgi/imagedelivery/HWe2hc9laId8jMwJ0Cw8sw/TarjaVermelha.png/standard
230,sacubitril,https://medsforall.com.ph/cdn/shop/files/IMG_4601.heic?v=1709634840&width=1946,https://www.doctor-online.com.ar/wp-content/uploads/que-es-vymada-y-para-que-sirve.webp,https://www.camberpharma.com/wp-content/uploads/2025/09/SacubitrilValsartan49_51mg180ct.jpg,https://dailymed.nlm.nih.gov/dailymed/image.cfm?name=image04.jpg&setid=747eeb5c-ac2f-474f-b6d2-0586d12653a6&type=img
137,salmeterol,https://d131ml7m6yr3wl.cloudfront.net/images/7187ee9d-8d96-44d0-9869-6c49ad425151/large.jpeg?u=1658502688400,https://cdn.shop-apotheke.com/images/D09/439/826/D09439826-p12.jpg,https://beta.cruzverde.cl/on/demandware.static/-/Sites-masterCatalog_Chile/default/dwccd8cf3d/images/large/262263-serevent-lf-salmeterol-25-mcg-inhalador-bucal-120-dosis.jpg,https://www.farmalisto.cl/4583-large_default/salmeterol-25-mcg-dosis-aerosol-para-inhalacion-120-dosis-abbott-cenabast.jpg
124,secuquinumabe,https://americanas.vtexassets.com/arquivos/ids/1015323/7511641051_4_xlarge.jpg?v=638750902429770000,https://d21xdc2xnp23jy.cloudfront.net/static/f61d1644753c085dd277e2abbf242353/8045c/secuquinumabe.jpg,https://img.freepik.com/vetores-premium/modelo-de-embalagem-de-design-de-caixa-para-design-de-caixa-de-medicamento-de-produto_780351-367.jpg?w=826,https://img.freepik.com/psd-premium/maquete-de-embalagem-de-caixa-de-medicamento-no-conceito-de-farmacia_383032-169.jpg?w=2000
174,selegilina,https://1.bp.blogspot.com/-jBdHrJ5SrxI/WDd64_mwLeI/AAAAAAAAACs/Q_hT4ZRvVbI5E2YqE-_K7nCERdK6DRKhQCLcB/s1600/selegil.png,https://dcuk1cxrnzjkh.cloudfront.net/imagesproducto/033705M.jpg,https://farmaciauniversalpe.vtexassets.com/arquivos/ids/161658-800-auto?v=638720843786200000&width=800&height=auto&aspect=true,https://dcuk1cxrnzjkh.cloudfront.net/imagesproducto/033705L.jpg
223,selexipague,https://farmaceuticodigital.com/wp-content/uploads/2020/11/Caixa-medicamento.png,https://img.freepik.com/vetores-premium/design-de-embalagem-design-de-caixa-modelo-de-embalagem-e-design-cortado-para-xarope-de-colirio-medicinal_780351-416.jpg?w=2000,https://img.freepik.com/vetores-premium/modelo-de-embalagem-de-design-de-caixa-para-design-de-caixa-de-medicamento-de-produto_780351-367.jpg?w=1380,https://www.pikpng.com/pngl/m/582-5820309_contm-30-cpsulas-caixa-de-medicamento-vetor-clipart.png
156,sevelâmer,https://www.far.fiocruz.br/wp-content/uploads/2018/12/Sevelamer-FrascoCartucho_SibeleCamargo.jpg,https://5.imimg.com/data5/HM/XP/MY-6548604/sevelamer-tablet-800mg.jpg,https://thevikingchallenge.pt/wp-content/uploads/2024/04/aa_4X8h3ZfU.jpg,https://tajgenerics.com/wp-content/uploads/Sevelamer-carbonate-800mg-film-coated-tablets-5.jpg
205,sildenafila,https://images.tcdn.com.br/img/img_prod/740081/sildenafila_50_mg_4_cp_neo_3763_1_b87d51e351015472d2d334bfe7566987.jpg,https://blogger.googleusercontent.com/img/b/R29vZ2xl/AVvXsEhYp_1njuK99p0MV9rsBiB56DNK3jAEyx5vykTm8EG-_0VbpIQ-bC5TocZ9mZPq5MllGSLmnuaIhhxa5cUIV3aaXvDS9lWEbc4MJsiFp7krXKTo9747lEMA58KI1O-Tuz7DhQquO5zOAR9wAqY_pjey-8mMkXg41webNBy-8mxkqGKswfR12S1rbSeXZ2gz/w1600/A69AE7F9-8D85-42BD-8CBF-760D6B4858DF.webp,https://www.drogariaminasbrasil.com.br/media/catalog/product/cache/74c1057f7991b4edb2bc7bdaa94de933/image/712165487/citrato-de-sildenafila-50mg-generico-eurofarma-com-4-comprimidos.jpg,https://remediopara.com.br/wp-content/uploads/2023/04/sildenafila_para_que_serve.jpg
229,sirolimo,https://remediobarato.com/img/banner-app-desktop.jpg,https://down-br.img.susercontent.com/file/sg-11134205-7rdxb-lz8u3ayc7fuu0d,https://americanas.vtexassets.com/arquivos/ids/19001121/25752106_10_xlarge.jpg?v=638754912342200000,https://img.freepik.com/vetores-premium/design-de-embalagem-design-de-caixa-modelo-de-embalagem-e-design-cortado-para-xarope-de-colirio-medicinal_780351-416.jpg
141,somatropina,https://aws.farmasmart.com/app/uploads/2024/08/XERENDIP-4-UI-1-ML-UI-LABORATORIOS-PISA-S.A.-DE-C.V.-Disponible-en-Farmasmart.-Compra-en-linea-7501125164484.webp,"https://static.wixstatic.com/media/a1046e_4d65c3d3d6284078941553e696d3a943~mv2.jpg/v1/fit/w_500,h_500,q_90/file.jpg",https://www.cristalia.com.br/images/somatropina.png,"https://static.wixstatic.com/media/a1046e_5049fd6426944f80ad6b54957860b376~mv2.jpg/v1/fit/w_500,h_500,q_90/file.jpg"
121,sulfassalazina,https://pasteurio.vtexassets.com/arquivos/ids/175087/Salud-y-Medicamentos-Medicamentos-formulados_Genfar_Pasteur_169254_caja_01.jpg?v=638031148732900000,https://www.farmaciascurie.cl/cdn/shop/files/sulfasalazina.png?v=1734395021,https://i.ytimg.com/vi/lm3YkqB5fHM/maxresdefault.jpg,https://beta1.cruzverde.com.co/dw/image/v2/BDPM_PRD/on/demandware.static/-/Sites-masterCatalog_Colombia/default/dw5f4727f1/images/large/17466-1-SULFASALAZINA-500MG-TAB-CAJ-X-10-WINTHROP.jpg?sw=1000&sh=1000
216,suplemento hipercalórico,https://http2.mlstatic.com/D_NQ_NP_992377-MLB45881702649_052021-F.jpg,https://http2.mlstatic.com/D_NQ_NP_665218-MLB45274742348_032021-O.jpg,https://http2.mlstatic.com/D_NQ_NP_2X_602682-MLB46481224856_062021-F.jpg,https://http2.mlstatic.com/D_NQ_NP_833491-MLB45716790239_042021-F.jpg
228,tacrolimo,https://midias.jornalcruzeiro.com.br/wp-content/uploads/2019/06/Tacrolimo.jpg,https://jpimg.com.br/uploads/2019/05/tacrolimo.jpg,https://www.plmconnection.com/plmservices/PharmaSearchEngine/Mexico/DEF/SIDEF/400x400/amsa_tacrolimus_cap_1mg_50.png,https://aprazeram.com/images/tild6139-3964-4735-b230-346233363832__tacrolimus.png
240,tafamidis meglumina,https://imagemasterspackaging.com/wp-content/uploads/2018/04/Embalagem_packaging_caixa_medicamentos_b-1300x1200.jpg,https://down-br.img.susercontent.com/file/sg-11134205-7rdxb-lz8u3ayc7fuu0d,https://img.freepik.com/vetores-premium/modelo-de-embalagem-de-design-de-embalagem-para-ilustracao-de-design-vetorial-de-produto-design-de-caixa-de-medicamento_780351-379.jpg?w=2000,https://upload.wikimedia.org/wikipedia/commons/thumb/2/22/Risperdal_tablets.jpg/500px-Risperdal_tablets.jpg
204,teriflunomida,https://isanidad.com/wp-content/uploads/2024/09/teriflunomida-esclerosis-multiple-recurrente-remitente.png,https://nomenclator.org/img/envase.900/teriflunomida-dr-reddys-14-mg.jpg,https://www.premierpharma.com.mx/wp-content/uploads/2017/03/7501165009400.png,https://nomenclator.org/img/envase.900/teriflunomida-stada-14-mg-comprimidos.jpg
242,ticlopidina,https://botplusweb.farmaceuticos.com/Documentos/AEMPS/Fotos/107471/full/63680_materialas.jpg,https://tantovital.com/images/productos/4424396.webp,https://farma22.vtexassets.com/arquivos/ids/183785/Compre-Cloridrato-de-Ticlopidina.png?v=637939429827700000,https://consultaremedios.fbitsstatic.net/img/p/cloridrato-de-ticlopidina-biolab-genericos-317407/504197.jpg?w=420&h=420&v=202502070244
214,tobramicina,https://pedidook.s3-sa-east-1.amazonaws.com/134139/produto/foto_27614796.jpg?nocache=2023050310500572073,https://nomenclator.org/img/envase.1200/tobramicina-normon-50-mg-2.1.jpg,https://e.drogasul.med.br/8980-large_default/gtobramicina-3-mg-sol-oft-5-ml.webp,https://www.farmalisto.cl/2959-large_default/tobramicina-soft03-5m-varios.jpg
122,tocilizumabe,https://artritereumatoide.blog.br/wp-content/uploads/2022/03/Blogar-15-750x375.jpg,https://images.tcdn.com.br/img/img_prod/1205595/actemra_200mg_10ml_tocilizumabe_caixa_com_1_frasco_ampola_de_solucao_para_infusao_intravenosa_com_ca_1471_1_d955f4d541b1a17ba5d14afc11dc878d.png,https://images.tcdn.com.br/img/img_prod/1164379/actemra_200mg_10ml_tocilizumabe_caixa_com_1_frasco_ampola_de_solucao_para_infusao_intravenosa_com_ca_993_1_bdc754dd6ba7ac4dea4234f5afdd3fce.png,https://www.bioredbrasil.com.br/wp-content/uploads/2022/03/biored-14.jpg
125,tofacitinibe,https://americanas.vtexassets.com/arquivos/ids/1015323/7511641051_4_xlarge.jpg?v=638750902429770000,https://nudii.com.br/wp-content/uploads/2024/09/nudii-medicamento-Tofacitinibe-mobile-copiar.webp,https://nudii.com.br/wp-content/uploads/2024/09/nudii-medicamento-Tofacitinibe-mobile-2-copiar.webp,https://images.tcdn.com.br/img/img_prod/1063102/tofacitinibe_125236855_1_666484e343c33a872b8b2cc5172228c5.png
195,topiramato,https://imgprd.martinsatacado.com.br/catalogoimg/293675/01_293675_01.jpg?v=100920224108&ims=1000x,https://www.puntofarma.com.py/imagenes/public/images/amato-25-.jpg-61816.webp,https://pasteurio.vtexassets.com/arquivos/ids/173356-800-800?v=638517106190330000&width=800&height=800&aspect=true,https://portal.riomeddistribuicao.com.br/13059-large_default/topiramato-50mg-60com-c1-zydus.webp
177,trientina,https://imagemasterspackaging.com/wp-content/uploads/2018/04/Embalagem_packaging_caixa_medicamentos_a.jpg,https://americanas.vtexassets.com/arquivos/ids/7534780/5924203844_4_xlarge.jpg?v=638751762188430000,https://img.freepik.com/vetores-premium/design-de-modelo-de-corte-e-embalagem-de-caixa-modelo-de-design-de-caixa-de-medicamento-para-xarope-de-colirio-de-medicamento_780351-414.jpg?w=2000,https://img.freepik.com/vetores-premium/modelo-de-embalagem-de-design-de-embalagem-para-ilustracao-de-design-vetorial-de-produto-design-de-caixa-de-medicamento_780351-373.jpg
175,triexifenidil,https://farmaciainformativa.com/wp-content/uploads/2019/01/Tonaril_2MG_100C_HD.jpg,https://product-data.raiadrogasil.io/images/14981918.webp,https://dmvfarma.vtexassets.com/arquivos/ids/218344/rx-controlado.jpg?v=638182184896470000,https://www.inovafarma.com.br/blog/wp-content/uploads/2021/04/medicamento-tarja-vermelha.jpg
188,triptorrelina,https://images.tcdn.com.br/img/img_prod/707730/neo_decapeptyl_lp_embonato_de_triptorrelina_22_5mg_caixa_contendo_1_frasco_ampola_com_po_para_suspen_2427_1_6f538da3187d7167e3085441a2032876.png,https://product-data.raiadrogasil.io/images/1279809.webp?width=450&height=450&quality=85&type=resize,https://www.cliquefarma.com.br/cdn-cgi/imagedelivery/HWe2hc9laId8jMwJ0Cw8sw/TarjaVermelha.png/standard,https://drogariacatarinense.vteximg.com.br/arquivos/ids/221647-800-800/rotulo_dc_receita.jpg?v=638688464810270000
131,upadacitinibe,https://encontrar.org.br/wp-content/uploads/2022/09/Biored-Imagem-destacada-Juh-35.png,https://nudii.com.br/wp-content/uploads/2024/09/nudii-medicamento-Upadacitinibe-desktop-2-copiar.webp,https://www.bioredbrasil.com.br/wp-content/uploads/2022/07/Biored-Brasil-8.jpg,https://precopopular.vtexassets.com/arquivos/ids/223176/rotulo_pp_receita.jpg?v=638718683333700000
248,ustequinumabe,https://images.tcdn.com.br/img/img_prod/1205595/wezenla_5mg_ml_ustequinumabe_caixa_com_1_frasco_ampola_com_26ml_de_solucao_de_uso_intravenoso_130mg_1475_1_d955f4d541b1a17ba5d14afc11dc878d.png,https://images.tcdn.com.br/img/img_prod/1164379/wezenla_5mg_ml_ustequinumabe_caixa_com_1_frasco_ampola_com_26ml_de_solucao_de_uso_intravenoso_130mg_1001_1_bdc754dd6ba7ac4dea4234f5afdd3fce.png,https://image.tuasaude.com/media/article/li/pf/stelara-ustequinumabe_16410_l.jpg,https://www.cliquefarma.com.br/cdn-cgi/imagedelivery/HWe2hc9laId8jMwJ0Cw8sw/TarjaVermelha.png/standard
251,vedolizumabe,https://nudii.com.br/wp-content/uploads/2024/09/nudii-medicamento-Vedolizumabe-desktop-2-copiar.webp,https://nudii.com.br/wp-content/uploads/2024/09/nudii-medicamento-Vedolizumabe-mobile-copiar.webp,https://down-br.img.susercontent.com/file/sg-11134205-7rdxb-lz8u3ayc7fuu0d,https://img.freepik.com/vetores-premium/modelo-de-embalagem-de-design-de-embalagem-para-ilustracao-de-design-vetorial-de-produto-design-de-caixa-de-medicamento_780351-379.jpg?w=2000
196,vigabatrina,https://res.cloudinary.com/prixz/image/upload/w_500/q_auto/f_auto/items/7502216934900.webp,https://ecofarma.co/wp-content/uploads/2024/11/R-SABRIL-500MG-CX60-TB-VIGABATRINA-SANOFI-1.webp,https://http2.mlstatic.com/D_NQ_NP_846437-MLM83799794609_042025-O-vigabatrina-randall-c60-tabs-500-mg.webp,https://mercadofarma.com.mx/cdn/shop/files/D_807430-MLM88192680421_072025-B.jpg?v=1752867396&width=1445
208,ziprasidona,https://beta.cruzverde.cl/on/demandware.static/-/Sites-masterCatalog_Chile/default/dwaaa28111/images/large/22181-zeldox-ziprasidona-20-mg-30-capsulas.jpg,https://nomenclator.org/img/envase.900/ziprasidona-sandoz-60-mg-capsulas.jpg,https://botplusweb.farmaceuticos.com/Documentos/AEMPS/Fotos/267447/full/76530_materialas.jpg,http://mercadofarma.com.mx/cdn/shop/files/D_772015-MLM87733012317_072025-B.jpg?v=1752278317
